2025-07-02T12:37:29.351486+0200 INFO Calcul du carré pour: -3
2025-07-02T12:37:29.353482+0200 INFO Calcul du carré de -3
2025-07-08T16:18:47.806160+0200 INFO Calcul du carré de 0
2025-07-08T16:18:47.806160+0200 INFO Calcul du carré pour: 0 : result : 0
2025-07-08T16:18:52.472358+0200 INFO Calcul du carré de 0
2025-07-08T16:18:52.472358+0200 INFO Calcul du carré pour: 0 : result : 0
2025-07-08T16:18:54.654046+0200 INFO Calcul du carré de 0
2025-07-08T16:18:54.655046+0200 INFO Calcul du carré pour: 0 : result : 0
2025-07-08T16:34:02.257900+0200 INFO Calcul du carré de 0
2025-07-08T16:34:02.257900+0200 INFO Calcul du carré pour: 0 : result : 0
2025-07-08T16:48:06.561996+0200 INFO predict_digit : b'\x89PNG\r\n\x1a\n\x00\x00\x00\rIHDR\x00\x00\x00\x1c\x00\x00\x00\x1c\x08\x00\x00\x00\x00Wf\x80H\x00\x00\x00MIDATx\x9cc\xfc\xcf\x80\x1b01\x0c\x1bI\x16\x18\xe3\xff,N\x13EN\\\x92?\xd7w\xb2(\xe8\x1b\xa8I\xf2\xc3\xc5\x18\x91B\xe8\xd3\xed\xf3\xe7n\xbc\xf9\xc3)\xbeD\x08S\x12\x0c\xbe\xbdz\xc9`\xcc\x82CrP\x87\x10\xd3\xa8$\x03~I\x00\x9co\x14:\xb3j\xac\x93\x00\x00\x00\x00IEND\xaeB`\x82'
2025-07-08T16:49:14.792978+0200 INFO Received file for prediction: canvas.png
2025-07-08T16:49:14.793979+0200 INFO predict_digit : b'\x89PNG\r\n\x1a\n\x00\x00\x00\rIHDR\x00\x00\x00\x1c\x00\x00\x00\x1c\x08\x00\x00\x00\x00Wf\x80H\x00\x00\x00\x82IDATx\x9cc\xfc\xcf\x80\x1b01\x0c=\xc9\xff\xf8$o\x07~\x03\xd3\xdf\x9b\xbc\xd2\x1f\xa1K\xca\xffNz\x0b\xa2\xebv\xc6\xb0\x05\xbeF\xc8\xfe\x07\x83\xb7A\x1a\xc9kn=T\xbe\xf6\xff\x95\xfc\x1a\x88\xd0\xff\xff\xff\x19a\xd6\x9d[\x7f\xf8\xcd\xb7\xa7\xfa\x7f\xbf\x19O\x11\x80idDr\xcb\x87x\xa5`vI\x19$\x17\xfdG\x02\xd6{\x91y\xff\xff#\xfb\xf3\xfbk\x11\xdc\x81\xc0\xe2!\x8a*\xc98\xdc\xe2\x13\x07\x18\x08I\x00\xc7\xd1M\x9c\xd1\x1bm\x03\x00\x00\x00\x00IEND\xaeB`\x82'
2025-07-08T16:51:11.440773+0200 INFO Received file for prediction: canvas.png
2025-07-08T16:51:11.441772+0200 INFO predict_digit : b'\x89PNG\r\n\x1a\n\x00\x00\x00\rIHDR\x00\x00\x00\x1c\x00\x00\x00\x1c\x08\x00\x00\x00\x00Wf\x80H\x00\x00\x00\x7fIDATx\x9cc\xfc\xcf\x80\x1b0\xe1\x91\x1by\x92\x97&\x9d\xc2\x90d\x81\xd2o\xc3u\xe4pJ\xde`Y\x8d\xdbX\xd5?{\x18\xbe\xdf\xbc\x8bU\xe7\xfb{j\x1ev\x1f\xfe\x87W\xa0H2\x82\xa3\xacm5\x9b\x8a\xda\xd6\xc7}\x11\x8c\xa8Z\xff\x83\x80\x85\xcb\xb5\xff\xff\xff/\xd6I\xfc\x8f\x02X\xc0*\x96\xb6\x07\tKs\xb0\xfc\xe3c\xc0b,\x03\xc3\x8b\xf3\x0f~2i\xb80a\x95d\xc0\x06\x06o\x94QW\x12\x00\xf0.6kR\xdc\xb3\xd1\x00\x00\x00\x00IEND\xaeB`\x82'
2025-07-08T16:51:11.441772+0200 INFO Modèle MNIST non chargé
2025-07-08T16:52:05.257317+0200 INFO Received file for prediction: canvas.png
2025-07-08T16:52:05.257317+0200 INFO predict_digit : b'\x89PNG\r\n\x1a\n\x00\x00\x00\rIHDR\x00\x00\x00\x1c\x00\x00\x00\x1c\x08\x00\x00\x00\x00Wf\x80H\x00\x00\x00\xb3IDATx\x9cc\xfc\xcf\x80\x1b01\x0c\x94\xe4\xdb\xf2\xef\xb8%\x0f\xedf\xc5-\xb9>\x90\x05\xa7\xe4\x9f+.\xb8\xed\xfc\xf0C\x06\xb7\xe4kf!\xdc\x92\xef98A\xd4a\'\x97\x85\x98\x92\xbf\x99A\xd4\x8b\xf8\xe0\xa4\xde\xfc\x7f\xc8\xb2\xff\xff\xff\xff\x7fN\xe7\xd7\xff\xff\xff\xb3c\xff\xff\xbf+\xf3\xf6?\x020\x80\x88Oj\xbb\xfe\xff\x7f(\x7f\xef\xff\xff"\xb7\xdf\xe8\x92\xff\x17\xcbu\\-\x8dx\xbf\xc3\xcd\xec\xe1\x7f\x0c\xc9\xff\x07C\xb5\xd9\xe5\xb5\xcd:\xbe\xfc\xc7"\xf9\xff\xffM\xe5C\xf7\xff\xa0H\xfd\xff\x0f\x0f\xb6\x7f\xcc\xe6l\xd8\xc3\x96\x81\x81\x81\xd7\x83\x11#\x10\x18\x07g\x1a\xa2\xba$\x00\x91L\x8e\tA)\x10K\x00\x00\x00\x00IEND\xaeB`\x82'
2025-07-08T17:29:00.174834+0200 INFO Received file for prediction: canvas.png
2025-07-08T17:29:00.174834+0200 INFO predict_digit
2025-07-08T18:01:06.642378+0200 INFO Received file for correction: canvas.png : 3
2025-07-08T18:01:06.642378+0200 INFO save_correction : 3
2025-07-09T17:41:50.576101+0200 INFO Received file for prediction: canvas.png
2025-07-09T17:48:26.825777+0200 INFO Received file for prediction: canvas.png => Checking model URI runs:/09970cd24d474d2584ab7f3cb036b2f2/mnist_model
2025-07-09T17:48:53.647721+0200 INFO Route '/current_model' called by 127.0.0.1
2025-07-09T17:51:23.677231+0200 INFO Received file for prediction: canvas.png => Checking model URI runs:/09970cd24d474d2584ab7f3cb036b2f2/mnist_model
2025-07-09T18:14:32.875674+0200 INFO Received file for prediction: canvas.png => Checking model URI runs:/ddf5161e77c94ee2b16c73228d28f96f/mnist_model
2025-07-11T10:44:02.577211+0000 INFO Received data: Red
2025-07-11T10:44:12.381635+0000 INFO Received file for prediction: canvas.png => Checking model URI runs:/f11a0404ae04469090da895b744c38cf/mnist_model
2025-07-11T10:44:12.651893+0000 ERROR Erreur lors du log du modèle dans MLflow: cannot access local variable 'model' where it is not associated with a value
2025-07-11T10:48:31.859536+0000 INFO Route '/current_model' called by 172.18.0.1
2025-07-11T11:20:36.882403+0000 INFO Received data: Red
2025-07-11T11:21:33.850884+0000 INFO Received data: Red
2025-07-11T11:21:41.430066+0000 INFO Received data: Blue
2025-07-11T11:22:54.621696+0000 INFO Route '/current_model' called by 172.18.0.1
2025-07-11T11:23:04.134934+0000 INFO Starting training iteration 0 of 1
2025-07-11T11:23:08.303197+0000 INFO Dataset shape after cleaning: (60000, 785)
2025-07-11T11:23:08.303699+0000 INFO Training data loaded: mnist_full.csv with shape (60000, 785)
2025-07-11T11:23:09.053027+0000 INFO Loading model from previous model_id: f11a0404ae04469090da895b744c38cf
2025-07-11T11:23:09.053466+0000 ERROR Erreur lors du log du modèle dans MLflow: cannot access local variable 'model' where it is not associated with a value
2025-07-11T11:23:09.053740+0000 ERROR Erreur lors de l'entraînement : cannot access local variable 'model' where it is not associated with a value
2025-07-11T11:26:03.798554+0000 INFO Route '/current_model' called by 172.18.0.1
2025-07-11T12:08:29.453237+0000 INFO Route '/current_model' called by 172.18.0.1
2025-07-11T12:08:30.963398+0000 INFO Route '/current_model' called by 172.18.0.1
2025-07-11T12:08:36.760696+0000 INFO Route '/current_model' called by 172.18.0.1
2025-07-11T12:08:50.198354+0000 INFO Starting training iteration 0 of 1
2025-07-11T12:08:54.541526+0000 INFO Dataset shape after cleaning: (60000, 785)
2025-07-11T12:08:54.542130+0000 INFO Training data loaded: mnist_full.csv with shape (60000, 785)
2025-07-11T12:08:55.459942+0000 INFO Loading model from previous model_id: f11a0404ae04469090da895b744c38cf
2025-07-11T12:08:55.460404+0000 ERROR Erreur lors du log du modèle dans MLflow: cannot access local variable 'model' where it is not associated with a value
2025-07-11T12:08:55.460786+0000 ERROR Erreur lors de l'entraînement : cannot access local variable 'model' where it is not associated with a value
2025-07-11T12:16:01.200081+0000 INFO Route '/current_model' called by 172.18.0.1
2025-07-11T12:16:09.012963+0000 INFO Starting training iteration 0 of 1
2025-07-11T12:16:13.213931+0000 INFO Dataset shape after cleaning: (60000, 785)
2025-07-11T12:16:13.214502+0000 INFO Training data loaded: mnist_full.csv with shape (60000, 785)
2025-07-11T12:16:14.199103+0000 INFO No previous model_id, Trainning column : 28
2025-07-11T12:17:03.832736+0000 INFO Model performances: 0.05673583969473839
2025-07-11T12:17:05.144935+0000 INFO Tentative de log du modèle dans MLflow avec artifact_path=mnist_model
2025-07-11T12:17:12.383564+0000 INFO Modèle keras loggé avec mlflow.keras.log_model.
2025-07-11T12:17:12.383968+0000 INFO Run 1 completed, run_id=17865ca2b32c40bda882dd0956d5afb9
2025-07-11T12:17:14.018387+0000 INFO Model saved as model_20250711_1210_0_17865ca2b32c40bda882dd0956d5afb9.pkl
2025-07-11T12:17:14.482823+0000 INFO Nouveau modèle de prédiction mis à jour avec run_id: 17865ca2b32c40bda882dd0956d5afb9 (sauvegardé dans models/current_model.json)
2025-07-11T12:18:46.602239+0000 INFO Received file for prediction: canvas.png => Checking model URI runs:/17865ca2b32c40bda882dd0956d5afb9/mnist_model
2025-07-11T12:18:46.963348+0000 ERROR Erreur lors du load du modèle dans MLflow: cannot access local variable 'model' where it is not associated with a value
2025-07-11T12:41:31.137661+0000 INFO Starting training iteration 0 of 1
2025-07-11T12:41:35.291020+0000 INFO Dataset shape after cleaning: (60000, 785)
2025-07-11T12:41:35.291512+0000 INFO Training data loaded: mnist_full.csv with shape (60000, 785)
2025-07-11T12:41:36.215586+0000 INFO Loading model from previous model_id: 17865ca2b32c40bda882dd0956d5afb9
2025-07-11T12:41:36.216111+0000 ERROR Erreur lors du load du modèle dans MLflow: cannot access local variable 'model' where it is not associated with a value
2025-07-11T12:41:36.216452+0000 ERROR Erreur lors de l'entraînement : cannot access local variable 'model' where it is not associated with a value
2025-07-11T12:44:05.513994+0000 INFO Starting training iteration 0 of 1
2025-07-11T12:44:08.733494+0000 INFO Dataset shape after cleaning: (60000, 785)
2025-07-11T12:44:08.734005+0000 INFO Training data loaded: mnist_full.csv with shape (60000, 785)
2025-07-11T12:44:09.566790+0000 INFO Loading model from previous model_id: 17865ca2b32c40bda882dd0956d5afb9
2025-07-11T12:44:09.567267+0000 ERROR Erreur lors du load du modèle dans MLflow: cannot access local variable 'model' where it is not associated with a value
2025-07-11T12:44:09.567548+0000 ERROR Erreur lors de l'entraînement : cannot access local variable 'model' where it is not associated with a value
2025-07-11T12:47:10.409195+0000 INFO Route '/current_model' called by 172.18.0.1
2025-07-11T12:47:12.253332+0000 INFO Route '/current_model' called by 172.18.0.1
2025-07-11T12:47:13.281039+0000 INFO Route '/current_model' called by 172.18.0.1
2025-07-11T12:47:13.445555+0000 INFO Route '/current_model' called by 172.18.0.1
2025-07-11T12:47:13.616441+0000 INFO Route '/current_model' called by 172.18.0.1
2025-07-11T12:47:13.785050+0000 INFO Route '/current_model' called by 172.18.0.1
2025-07-11T12:47:13.960830+0000 INFO Route '/current_model' called by 172.18.0.1
2025-07-11T12:47:22.968367+0000 INFO Starting training iteration 0 of 1
2025-07-11T12:47:26.706724+0000 INFO Dataset shape after cleaning: (60000, 785)
2025-07-11T12:47:26.707164+0000 INFO Training data loaded: mnist_full.csv with shape (60000, 785)
2025-07-11T12:47:27.564219+0000 INFO No previous model_id, Trainning column : 28
2025-07-11T12:48:11.943973+0000 INFO Model performances: 0.05590388923883438
2025-07-11T12:48:13.760374+0000 INFO Tentative de log du modèle dans MLflow avec artifact_path=mnist_model
2025-07-11T12:48:20.779608+0000 INFO Modèle keras loggé avec mlflow.keras.log_model.
2025-07-11T12:48:20.780094+0000 INFO Run 1 completed, run_id=064b4d6844ef4a06ac121adfe1e49ecb
2025-07-11T12:48:21.942234+0000 INFO Model saved as model_20250711_1246_0_064b4d6844ef4a06ac121adfe1e49ecb.pkl
2025-07-11T12:48:22.226799+0000 INFO Nouveau modèle de prédiction mis à jour avec run_id: 064b4d6844ef4a06ac121adfe1e49ecb (sauvegardé dans models/current_model.json)
2025-07-11T12:49:51.916194+0000 INFO Received file for prediction: canvas.png => Checking model URI runs:/064b4d6844ef4a06ac121adfe1e49ecb/mnist_model
2025-07-11T12:49:52.184195+0000 ERROR Erreur lors du load du modèle dans MLflow: cannot access local variable 'model' where it is not associated with a value
2025-07-11T12:49:52.184569+0000 ERROR Erreur lors du load du modèle dans MLflow: cannot access local variable 'model' where it is not associated with a value
2025-07-11T12:51:17.561869+0000 INFO Received file for prediction: canvas.png => Checking model URI runs:/064b4d6844ef4a06ac121adfe1e49ecb/mnist_model
2025-07-11T12:51:17.643032+0000 ERROR Erreur lors du load du modèle dans MLflow: cannot access local variable 'model' where it is not associated with a value
2025-07-11T12:51:17.643429+0000 ERROR Erreur lors du load du modèle dans MLflow: cannot access local variable 'model' where it is not associated with a value
2025-07-11T12:58:44.794083+0000 INFO Route '/current_model' called by 172.18.0.1
2025-07-11T12:58:51.702809+0000 INFO Received file for prediction: canvas.png => Checking model URI runs:/064b4d6844ef4a06ac121adfe1e49ecb/mnist_model
2025-07-11T12:58:52.858877+0000 INFO Model keras loaded with mlflow.keras.load_model: runs:/064b4d6844ef4a06ac121adfe1e49ecb/mnist_model
2025-07-11T12:58:52.859304+0000 INFO ModelMLFlow Loaded
2025-07-11T12:59:43.373089+0000 INFO Prediction : [[6.8330980e-10 5.9628319e-02 5.9924132e-01 5.8819140e-05 1.1670421e-07
  8.3278576e-03 3.2296062e-01 9.7758221e-03 7.0920360e-06 1.2379261e-12]] - 2
2025-07-11T13:01:45.891814+0000 INFO Received file for correction: canvas.png : 5
2025-07-11T13:07:54.845271+0000 INFO Received file for prediction: canvas.png => Checking model URI runs:/064b4d6844ef4a06ac121adfe1e49ecb/mnist_model
2025-07-11T13:07:56.131300+0000 INFO Model keras loaded with mlflow.keras.load_model: runs:/064b4d6844ef4a06ac121adfe1e49ecb/mnist_model
2025-07-11T13:07:56.131754+0000 INFO ModelMLFlow Loaded
2025-07-11T13:07:56.140627+0000 INFO arr : [[[[1.        ]
   [1.        ]
   [1.        ]
   [1.        ]
2025-07-11T13:12:44.604515+0000 INFO Prediction : [[3.8554202e-07 1.6332055e-02 8.8175166e-01 9.8687000e-05 6.4642225e-09
  4.4275459e-02 3.3859696e-04 5.6725539e-02 1.7758552e-05 4.5991532e-04]] - 2
2025-07-11T13:12:48.622364+0000 INFO Received file for correction: canvas.png : 3
2025-07-11T13:12:48.622836+0000 ERROR Erreur during correction save : 'NoneType' object has no attribute 'info'
2025-07-11T13:18:34.958981+0000 INFO Received file for prediction: canvas.png => Checking model URI runs:/064b4d6844ef4a06ac121adfe1e49ecb/mnist_model
2025-07-11T13:18:36.200736+0000 INFO Model keras loaded with mlflow.keras.load_model: runs:/064b4d6844ef4a06ac121adfe1e49ecb/mnist_model
2025-07-11T13:18:36.201137+0000 INFO ModelMLFlow Loaded
2025-07-11T13:18:36.342365+0000 INFO Prediction : [[2.0595553e-07 9.8871276e-02 1.0752825e-01 2.4255556e-05 9.7995644e-07
  2.3003209e-01 1.8602064e-03 5.3248739e-01 6.5423519e-05 2.9129870e-02]] - 7
2025-07-11T13:18:40.737487+0000 INFO Received file for correction: canvas.png : 3
2025-07-11T13:18:40.737885+0000 INFO save_correction : 3
2025-07-11T13:18:53.549657+0000 INFO Received file for prediction: canvas.png => Checking model URI runs:/064b4d6844ef4a06ac121adfe1e49ecb/mnist_model
2025-07-11T13:18:54.556667+0000 INFO Model keras loaded with mlflow.keras.load_model: runs:/064b4d6844ef4a06ac121adfe1e49ecb/mnist_model
2025-07-11T13:18:54.557174+0000 INFO ModelMLFlow Loaded
2025-07-11T13:18:54.645012+0000 INFO Prediction : [[2.3896044e-07 1.4166315e-01 1.6963412e-01 7.3015094e-06 1.5021706e-06
  4.7551885e-01 2.7274264e-02 1.7475900e-01 1.2293417e-03 9.9122701e-03]] - 5
2025-07-11T13:19:00.294118+0000 INFO Received file for correction: canvas.png : 6
2025-07-11T13:19:00.294415+0000 INFO save_correction : 6
2025-07-11T15:05:04.665812+0000 INFO Received file for prediction: canvas.png => Checking model URI runs:/064b4d6844ef4a06ac121adfe1e49ecb/mnist_model
2025-07-11T15:05:06.220348+0000 INFO Model keras loaded with mlflow.keras.load_model: runs:/064b4d6844ef4a06ac121adfe1e49ecb/mnist_model
2025-07-11T15:05:06.220811+0000 INFO ModelMLFlow Loaded
2025-07-11T15:05:06.339686+0000 INFO Prediction : [[7.9152196e-09 7.1841502e-01 8.4475492e-04 1.8961117e-06 2.1340330e-09
  2.6398167e-01 9.3599306e-03 7.3896735e-03 5.6038019e-08 6.9508847e-06]] - 1
2025-07-11T15:05:10.614387+0000 INFO Received file for correction: canvas.png : 4
2025-07-11T15:05:10.615057+0000 INFO save_correction : 4
2025-07-11T15:05:22.879091+0000 INFO Received file for prediction: canvas.png => Checking model URI runs:/064b4d6844ef4a06ac121adfe1e49ecb/mnist_model
2025-07-11T15:05:23.892097+0000 INFO Model keras loaded with mlflow.keras.load_model: runs:/064b4d6844ef4a06ac121adfe1e49ecb/mnist_model
2025-07-11T15:05:23.892527+0000 INFO ModelMLFlow Loaded
2025-07-11T15:05:23.972452+0000 INFO Prediction : [[5.1253678e-06 1.0973758e-03 9.3613935e-01 3.2310421e-05 2.8528831e-07
  2.5047459e-02 6.3960603e-03 3.1090267e-02 3.6952495e-06 1.8814149e-04]] - 2
2025-07-11T15:05:30.934819+0000 INFO Received file for correction: canvas.png : 7
2025-07-11T15:05:30.935208+0000 INFO save_correction : 7
2025-07-11T15:05:39.625526+0000 INFO Received file for prediction: canvas.png => Checking model URI runs:/064b4d6844ef4a06ac121adfe1e49ecb/mnist_model
2025-07-11T15:05:40.624739+0000 INFO Model keras loaded with mlflow.keras.load_model: runs:/064b4d6844ef4a06ac121adfe1e49ecb/mnist_model
2025-07-11T15:05:40.625245+0000 INFO ModelMLFlow Loaded
2025-07-11T15:05:40.706497+0000 INFO Prediction : [[2.9605413e-08 7.2191663e-02 7.2255945e-01 1.5566692e-07 4.4750078e-07
  1.4876793e-01 2.1744011e-02 3.4608230e-02 5.1662879e-05 7.6363634e-05]] - 2
2025-07-11T15:05:50.876465+0000 INFO Received file for prediction: canvas.png => Checking model URI runs:/064b4d6844ef4a06ac121adfe1e49ecb/mnist_model
2025-07-11T15:05:51.789113+0000 INFO Model keras loaded with mlflow.keras.load_model: runs:/064b4d6844ef4a06ac121adfe1e49ecb/mnist_model
2025-07-11T15:05:51.789463+0000 INFO ModelMLFlow Loaded
2025-07-11T15:05:51.862684+0000 INFO Prediction : [[1.0215759e-07 3.0114388e-04 4.3410417e-03 9.8899507e-04 8.3527860e-09
  9.9069291e-01 2.8262883e-03 5.7650282e-04 2.5929185e-05 2.4701969e-04]] - 5
2025-07-11T15:05:55.135939+0000 INFO Received file for correction: canvas.png : 3
2025-07-11T15:05:55.136364+0000 INFO save_correction : 3
2025-07-11T15:06:00.346706+0000 INFO Received file for prediction: canvas.png => Checking model URI runs:/064b4d6844ef4a06ac121adfe1e49ecb/mnist_model
2025-07-11T15:06:01.307237+0000 INFO Model keras loaded with mlflow.keras.load_model: runs:/064b4d6844ef4a06ac121adfe1e49ecb/mnist_model
2025-07-11T15:06:01.307709+0000 INFO ModelMLFlow Loaded
2025-07-11T15:06:01.402977+0000 INFO Prediction : [[2.9078890e-07 1.3100299e-01 1.0311591e-01 1.6089771e-06 4.9492746e-07
  6.7844398e-02 1.4347584e-02 6.8162441e-01 1.9207440e-05 2.0431089e-03]] - 7
2025-07-11T15:06:05.754402+0000 INFO Received file for correction: canvas.png : 3
2025-07-11T15:06:05.754793+0000 INFO save_correction : 3
2025-07-11T15:09:53.528150+0000 INFO Received file for prediction: canvas.png => Checking model URI runs:/064b4d6844ef4a06ac121adfe1e49ecb/mnist_model
2025-07-11T15:09:54.803106+0000 INFO Model keras loaded with mlflow.keras.load_model: runs:/064b4d6844ef4a06ac121adfe1e49ecb/mnist_model
2025-07-11T15:09:54.803554+0000 INFO ModelMLFlow Loaded
2025-07-11T15:09:54.910182+0000 INFO Prediction : [[4.4801453e-07 1.9464421e-03 7.9081804e-01 1.1486927e-02 5.0609376e-08
  1.8297561e-01 3.8470223e-03 8.4477048e-03 9.5770629e-06 4.6828238e-04]] - 2
2025-07-11T15:09:58.826727+0000 INFO Received file for correction: canvas.png : 3
2025-07-11T15:09:58.827338+0000 INFO save_correction : 3
2025-07-11T15:14:34.058962+0000 INFO Received file for correction: canvas.png : 2 ==> 3
2025-07-11T15:14:34.059803+0000 INFO save_correction : 3
2025-07-11T15:14:56.342619+0000 INFO Received file for correction: canvas.png : 2 ==> 3
2025-07-11T15:14:56.343287+0000 INFO save_correction : 3
2025-07-11T15:14:58.459843+0000 INFO Received file for correction: canvas.png : 2 ==> 3
2025-07-11T15:14:58.460240+0000 INFO save_correction : 3
2025-07-11T15:14:59.029886+0000 INFO Received file for correction: canvas.png : 2 ==> 3
2025-07-11T15:14:59.030317+0000 INFO save_correction : 3
2025-07-11T15:14:59.536955+0000 INFO Received file for correction: canvas.png : 2 ==> 3
2025-07-11T15:14:59.537317+0000 INFO save_correction : 3
2025-07-11T15:15:00.132592+0000 INFO Received file for correction: canvas.png : 2 ==> 3
2025-07-11T15:15:00.133043+0000 INFO save_correction : 3
2025-07-11T15:15:00.915541+0000 INFO Received file for correction: canvas.png : 2 ==> 3
2025-07-11T15:15:00.915948+0000 INFO save_correction : 3
2025-07-11T15:15:01.944848+0000 INFO Received file for correction: canvas.png : 2 ==> 3
2025-07-11T15:15:01.945265+0000 INFO save_correction : 3
2025-07-11T15:17:15.308168+0000 ERROR Erreur lors du réentraînement via /retrain : 'RetrainPayload' object has no attribute 'class_to_retrain'
2025-07-11T15:20:12.228045+0000 INFO Aucune correction à réentraîner pour les classes spécifiées.
2025-07-11T15:20:42.696533+0000 INFO Aucune correction à réentraîner pour les classes spécifiées.
2025-07-11T15:21:45.198246+0000 INFO Aucune correction à réentraîner pour les classes spécifiées.
2025-07-11T15:26:57.955702+0000 INFO Aucune correction à réentraîner pour les classes spécifiées.
2025-07-11T15:27:44.832770+0000 ERROR Erreur lors du réentraînement via /retrain : name 'optuna' is not defined
2025-07-11T15:32:45.363558+0000 ERROR Erreur lors du réentraînement via /retrain : could not convert string to float: '89504e470d0a1a0a0000000d494844520000001c0000001c080000000057668048000000c049444154789c63fccf801b30e191a3409205cefa7ae493ad049aec7f18c83272505bf4ef3f324048bef8f57f9b91db0dec92ffffffffffb546f9064ec9ffff03fb9138e8ae6566c7ed951f578d704baee4429644b5f3bedc169caebdadd786a296112956f6c619a63effa56f0f1740483e6d58c0a5c92bf4f6d3292c61fb816f83a1180bc3a95c5c0efaffffff2e4bdc81c030c71ca7ce5b1126af103cb89d1df72c395f1dbee8ba4b10a111eedaab0b6ffd1430095640b6827100521ff992007c20f2e3a2a61bc30000000049454e44ae426082'
2025-07-12T06:32:34.995568+0000 ERROR Erreur lors du réentraînement via /retrain : Exception encountered when calling Sequential.call().

[1mInvalid input shape for input Tensor("data:0", shape=(None, 1568), dtype=float32). Expected shape (None, 28, 28, 1), but input has incompatible shape (None, 1568)[0m

Arguments received by Sequential.call():
  • inputs=tf.Tensor(shape=(None, 1568), dtype=float32)
  • training=True
  • mask=None
  • kwargs=<class 'inspect._empty'>
2025-07-12T06:41:59.247329+0000 ERROR Erreur lors du réentraînement via /retrain : "['0', '1', '2', '3', '4', '5', '6', '7', '8', '9', '10', '11', '12', '13', '14', '15', '16', '17', '18', '19', '20', '21', '22', '23', '24', '25', '26', '27', '28', '29', '30', '31', '32', '33', '34', '35', '36', '37', '38', '39', '40', '41', '42', '43', '44', '45', '46', '47', '48', '49', '50', '51', '52', '53', '54', '55', '56', '57', '58', '59', '60', '61', '62', '63', '64', '65', '66', '67', '68', '69', '70', '71', '72', '73', '74', '75', '76', '77', '78', '79', '80', '81', '82', '83', '84', '85', '86', '87', '88', '89', '90', '91', '92', '93', '94', '95', '96', '97', '98', '99', '100', '101', '102', '103', '104', '105', '106', '107', '108', '109', '110', '111', '112', '113', '114', '115', '116', '117', '118', '119', '120', '121', '122', '123', '124', '125', '126', '127', '128', '129', '130', '131', '132', '133', '134', '135', '136', '137', '138', '139', '140', '141', '142', '143', '144', '145', '146', '147', '148', '149', '150', '151', '152', '153', '154', '155', '156', '157', '158', '159', '160', '161', '162', '163', '164', '165', '166', '167', '168', '169', '170', '171', '172', '173', '174', '175', '176', '177', '178', '179', '180', '181', '182', '183', '184', '185', '186', '187', '188', '189', '190', '191', '192', '193', '194', '195', '196', '197', '198', '199', '200', '201', '202', '203', '204', '205', '206', '207', '208', '209', '210', '211', '212', '213', '214', '215', '216', '217', '218', '219', '220', '221', '222', '223', '224', '225', '226', '227', '228', '229', '230', '231', '232', '233', '234', '235', '236', '237', '238', '239', '240', '241', '242', '243', '244', '245', '246', '247', '248', '249', '250', '251', '252', '253', '254', '255', '256', '257', '258', '259', '260', '261', '262', '263', '264', '265', '266', '267', '268', '269', '270', '271', '272', '273', '274', '275', '276', '277', '278', '279', '280', '281', '282', '283', '284', '285', '286', '287', '288', '289', '290', '291', '292', '293', '294', '295', '296', '297', '298', '299', '300', '301', '302', '303', '304', '305', '306', '307', '308', '309', '310', '311', '312', '313', '314', '315', '316', '317', '318', '319', '320', '321', '322', '323', '324', '325', '326', '327', '328', '329', '330', '331', '332', '333', '334', '335', '336', '337', '338', '339', '340', '341', '342', '343', '344', '345', '346', '347', '348', '349', '350', '351', '352', '353', '354', '355', '356', '357', '358', '359', '360', '361', '362', '363', '364', '365', '366', '367', '368', '369', '370', '371', '372', '373', '374', '375', '376', '377', '378', '379', '380', '381', '382', '383', '384', '385', '386', '387', '388', '389', '390', '391', '392', '393', '394', '395', '396', '397', '398', '399', '400', '401', '402', '403', '404', '405', '406', '407', '408', '409', '410', '411', '412', '413', '414', '415', '416', '417', '418', '419', '420', '421', '422', '423', '424', '425', '426', '427', '428', '429', '430', '431', '432', '433', '434', '435', '436', '437', '438', '439', '440', '441', '442', '443', '444', '445', '446', '447', '448', '449', '450', '451', '452', '453', '454', '455', '456', '457', '458', '459', '460', '461', '462', '463', '464', '465', '466', '467', '468', '469', '470', '471', '472', '473', '474', '475', '476', '477', '478', '479', '480', '481', '482', '483', '484', '485', '486', '487', '488', '489', '490', '491', '492', '493', '494', '495', '496', '497', '498', '499', '500', '501', '502', '503', '504', '505', '506', '507', '508', '509', '510', '511', '512', '513', '514', '515', '516', '517', '518', '519', '520', '521', '522', '523', '524', '525', '526', '527', '528', '529', '530', '531', '532', '533', '534', '535', '536', '537', '538', '539', '540', '541', '542', '543', '544', '545', '546', '547', '548', '549', '550', '551', '552', '553', '554', '555', '556', '557', '558', '559', '560', '561', '562', '563', '564', '565', '566', '567', '568', '569', '570', '571', '572', '573', '574', '575', '576', '577', '578', '579', '580', '581', '582', '583', '584', '585', '586', '587', '588', '589', '590', '591', '592', '593', '594', '595', '596', '597', '598', '599', '600', '601', '602', '603', '604', '605', '606', '607', '608', '609', '610', '611', '612', '613', '614', '615', '616', '617', '618', '619', '620', '621', '622', '623', '624', '625', '626', '627', '628', '629', '630', '631', '632', '633', '634', '635', '636', '637', '638', '639', '640', '641', '642', '643', '644', '645', '646', '647', '648', '649', '650', '651', '652', '653', '654', '655', '656', '657', '658', '659', '660', '661', '662', '663', '664', '665', '666', '667', '668', '669', '670', '671', '672', '673', '674', '675', '676', '677', '678', '679', '680', '681', '682', '683', '684', '685', '686', '687', '688', '689', '690', '691', '692', '693', '694', '695', '696', '697', '698', '699', '700', '701', '702', '703', '704', '705', '706', '707', '708', '709', '710', '711', '712', '713', '714', '715', '716', '717', '718', '719', '720', '721', '722', '723', '724', '725', '726', '727', '728', '729', '730', '731', '732', '733', '734', '735', '736', '737', '738', '739', '740', '741', '742', '743', '744', '745', '746', '747', '748', '749', '750', '751', '752', '753', '754', '755', '756', '757', '758', '759', '760', '761', '762', '763', '764', '765', '766', '767', '768', '769', '770', '771', '772', '773', '774', '775', '776', '777', '778', '779', '780', '781', '782', '783'] not in index"
2025-07-12T08:19:29.706473+0000 INFO Nouveau modèle de prédiction mis à jour avec run_id: f5d028fdeb254277adf9b6afa816ca14 (sauvegardé dans models/current_model.json)
2025-07-12T08:19:29.706830+0000 INFO Modèle loggué dans MLflow avec run_id=f5d028fdeb254277adf9b6afa816ca14
2025-07-12T08:19:29.810845+0000 INFO Nouveau modèle de prédiction mis à jour avec run_id: f5d028fdeb254277adf9b6afa816ca14 (sauvegardé dans models/current_model.json)
2025-07-12T08:19:29.811172+0000 INFO Réentraînement terminé avec succès. Meilleurs paramètres : {'lr': 0.004773134914371895, 'dropout': 0.47997342914982644}, précision : 0.9816727638244629
2025-07-12T08:20:33.722698+0000 INFO Received file for prediction: canvas.png => Checking model URI runs:/f5d028fdeb254277adf9b6afa816ca14/mnist_model
2025-07-12T08:20:34.888902+0000 WARNING Impossible de charger le modèle Keras: Failed to download artifacts from path 'mnist_model', please ensure that the path is correct.
2025-07-12T08:20:35.623265+0000 WARNING Impossible de charger le modèle sklearn: Failed to download artifacts from path 'mnist_model', please ensure that the path is correct.
2025-07-12T08:20:35.623686+0000 ERROR Aucun modèle MLflow trouvé ou compatible à l'URI: runs:/f5d028fdeb254277adf9b6afa816ca14/mnist_model
2025-07-12T08:20:35.623991+0000 ERROR Impossible de charger le modèle pour run_id f5d028fdeb254277adf9b6afa816ca14 et artifact_path mnist_model.
2025-07-12T08:20:35.624395+0000 ERROR Erreur lors du load du modèle dans MLflow: 500: Erreur lors du chargement du modèle.
2025-07-12T08:23:35.772363+0000 INFO Received file for prediction: canvas.png => Checking model URI runs:/f5d028fdeb254277adf9b6afa816ca14/mnist_model
2025-07-12T08:23:36.706400+0000 WARNING Impossible de charger le modèle Keras: Failed to download artifacts from path 'mnist_model', please ensure that the path is correct.
2025-07-12T08:23:37.460888+0000 WARNING Impossible de charger le modèle sklearn: Failed to download artifacts from path 'mnist_model', please ensure that the path is correct.
2025-07-12T08:23:37.461269+0000 ERROR Aucun modèle MLflow trouvé ou compatible à l'URI: runs:/f5d028fdeb254277adf9b6afa816ca14/mnist_model
2025-07-12T08:23:37.461562+0000 ERROR Impossible de charger le modèle pour run_id f5d028fdeb254277adf9b6afa816ca14 et artifact_path mnist_model.
2025-07-12T08:23:37.461826+0000 ERROR Erreur lors du load du modèle dans MLflow: 500: Erreur lors du chargement du modèle.
2025-07-12T08:26:05.482941+0000 INFO Received file for prediction: canvas.png => Checking model URI runs:/f5d028fdeb254277adf9b6afa816ca14/mnist_model
2025-07-12T08:26:06.364981+0000 WARNING Impossible de charger le modèle Keras: Failed to download artifacts from path 'mnist_model', please ensure that the path is correct.
2025-07-12T08:26:07.077419+0000 WARNING Impossible de charger le modèle sklearn: Failed to download artifacts from path 'mnist_model', please ensure that the path is correct.
2025-07-12T08:26:07.077788+0000 ERROR Aucun modèle MLflow trouvé ou compatible à l'URI: runs:/f5d028fdeb254277adf9b6afa816ca14/mnist_model
2025-07-12T08:26:07.078064+0000 ERROR Impossible de charger le modèle pour run_id f5d028fdeb254277adf9b6afa816ca14 et artifact_path mnist_model.
2025-07-12T08:26:07.078312+0000 ERROR Erreur lors du load du modèle dans MLflow: 500: Erreur lors du chargement du modèle.
2025-07-12T08:28:35.511958+0000 INFO Starting training iteration 0 of 1
2025-07-12T08:28:39.509991+0000 INFO Dataset shape after cleaning: (60000, 785)
2025-07-12T08:28:39.510641+0000 INFO Training data loaded: mnist_full.csv with shape (60000, 785)
2025-07-12T08:28:40.342888+0000 INFO Loading model from previous model_id: 064b4d6844ef4a06ac121adfe1e49ecb
2025-07-12T08:28:41.440264+0000 INFO Model keras loaded with mlflow.keras.load_model: runs:/064b4d6844ef4a06ac121adfe1e49ecb/mnist_model
2025-07-12T08:29:24.448355+0000 INFO Model performances: 0.06162257865071297
2025-07-12T08:29:25.282182+0000 INFO Tentative de log du modèle dans MLflow avec artifact_path=mnist_model
2025-07-12T08:29:30.866112+0000 INFO Modèle keras loggé avec mlflow.keras.log_model.
2025-07-12T08:29:30.866444+0000 INFO Run 1 completed, run_id=4397caf7f05845fdb6ad9bc110405e68
2025-07-12T08:29:31.994977+0000 INFO Model saved as model_20250712_0801_0_4397caf7f05845fdb6ad9bc110405e68.pkl
2025-07-12T08:29:32.695910+0000 INFO Nouveau modèle de prédiction mis à jour avec run_id: 4397caf7f05845fdb6ad9bc110405e68 (sauvegardé dans models/current_model.json)
2025-07-12T13:57:31.757299+0000 INFO Received file for prediction: canvas.png => Checking model URI runs:/4397caf7f05845fdb6ad9bc110405e68/mnist_model
2025-07-12T13:57:33.122463+0000 INFO Model keras loaded with mlflow.keras.load_model: runs:/4397caf7f05845fdb6ad9bc110405e68/mnist_model
2025-07-12T13:57:33.122969+0000 INFO ModelMLFlow Loaded
2025-07-12T13:57:33.297548+0000 INFO Prediction : [[8.7989234e-12 1.8619290e-02 2.8228494e-06 9.2696961e-10 2.0404427e-13
  9.3032503e-01 5.1020820e-02 3.2011383e-05 2.3513133e-10 2.1386841e-09]] - 5
2025-07-12T13:57:39.744263+0000 INFO Received file for correction: canvas.png : 5 ==> 4
2025-07-12T13:57:39.744850+0000 INFO save_correction : 4
2025-07-12T13:57:47.100295+0000 INFO Received file for prediction: canvas.png => Checking model URI runs:/4397caf7f05845fdb6ad9bc110405e68/mnist_model
2025-07-12T13:57:48.165623+0000 INFO Model keras loaded with mlflow.keras.load_model: runs:/4397caf7f05845fdb6ad9bc110405e68/mnist_model
2025-07-12T13:57:48.166054+0000 INFO ModelMLFlow Loaded
2025-07-12T13:57:48.249595+0000 INFO Prediction : [[1.4434653e-10 9.7553777e-05 9.9814558e-01 1.3936680e-08 1.5783043e-13
  1.5885271e-04 1.5916564e-03 6.3228563e-06 6.0961508e-10 7.0627255e-09]] - 2
2025-07-12T13:57:56.378442+0000 INFO Received file for correction: canvas.png : 2 ==> 3
2025-07-12T13:57:56.378845+0000 INFO save_correction : 3
2025-07-12T13:58:03.546539+0000 INFO Received file for prediction: canvas.png => Checking model URI runs:/4397caf7f05845fdb6ad9bc110405e68/mnist_model
2025-07-12T13:58:04.525550+0000 INFO Model keras loaded with mlflow.keras.load_model: runs:/4397caf7f05845fdb6ad9bc110405e68/mnist_model
2025-07-12T13:58:04.525976+0000 INFO ModelMLFlow Loaded
2025-07-12T13:58:04.608469+0000 INFO Prediction : [[2.2035103e-10 4.7824085e-03 2.6867539e-01 6.8861645e-08 5.2857646e-10
  3.7862247e-01 6.1031845e-03 3.4181640e-01 2.0296069e-08 5.5002957e-08]] - 5
2025-07-12T13:58:10.004273+0000 INFO Received file for correction: canvas.png : 5 ==> 7
2025-07-12T13:58:10.004698+0000 INFO save_correction : 7
2025-07-12T13:58:16.593408+0000 INFO Received file for prediction: canvas.png => Checking model URI runs:/4397caf7f05845fdb6ad9bc110405e68/mnist_model
2025-07-12T13:58:17.588679+0000 INFO Model keras loaded with mlflow.keras.load_model: runs:/4397caf7f05845fdb6ad9bc110405e68/mnist_model
2025-07-12T13:58:17.589101+0000 INFO ModelMLFlow Loaded
2025-07-12T13:58:17.675510+0000 INFO Prediction : [[8.1807929e-09 2.3230655e-02 2.7042335e-01 6.6505699e-09 4.7382953e-12
  3.8203038e-03 7.0233852e-01 1.8698115e-04 2.4546850e-07 3.5460928e-08]] - 6
2025-07-12T13:58:21.923069+0000 INFO Received file for correction: canvas.png : 6 ==> 2
2025-07-12T13:58:21.923455+0000 INFO save_correction : 2
2025-07-12T13:58:28.427091+0000 INFO Received file for prediction: canvas.png => Checking model URI runs:/4397caf7f05845fdb6ad9bc110405e68/mnist_model
2025-07-12T13:58:29.418789+0000 INFO Model keras loaded with mlflow.keras.load_model: runs:/4397caf7f05845fdb6ad9bc110405e68/mnist_model
2025-07-12T13:58:29.419277+0000 INFO ModelMLFlow Loaded
2025-07-12T13:58:29.500817+0000 INFO Prediction : [[1.2166582e-10 2.0372054e-02 2.1964276e-01 1.6422177e-03 1.8372565e-12
  7.5044912e-01 5.7349568e-03 2.1588234e-03 3.9308190e-08 2.7266912e-08]] - 5
2025-07-12T13:58:32.342749+0000 INFO Received file for correction: canvas.png : 5 ==> 3
2025-07-12T13:58:32.343162+0000 INFO save_correction : 3
2025-07-12T13:58:39.399550+0000 INFO Received file for prediction: canvas.png => Checking model URI runs:/4397caf7f05845fdb6ad9bc110405e68/mnist_model
2025-07-12T13:58:40.451474+0000 INFO Model keras loaded with mlflow.keras.load_model: runs:/4397caf7f05845fdb6ad9bc110405e68/mnist_model
2025-07-12T13:58:40.451931+0000 INFO ModelMLFlow Loaded
2025-07-12T13:58:40.583669+0000 INFO Prediction : [[8.4972425e-11 1.1548204e-02 6.4869970e-01 1.0794727e-08 4.5704890e-12
  7.1408622e-02 2.6829633e-01 4.6656089e-05 5.1105280e-07 2.4879910e-08]] - 2
2025-07-12T13:58:45.943775+0000 INFO Received file for correction: canvas.png : 2 ==> 7
2025-07-12T13:58:45.944169+0000 INFO save_correction : 7
2025-07-12T13:59:01.690084+0000 INFO Received file for prediction: canvas.png => Checking model URI runs:/4397caf7f05845fdb6ad9bc110405e68/mnist_model
2025-07-12T13:59:02.696965+0000 INFO Model keras loaded with mlflow.keras.load_model: runs:/4397caf7f05845fdb6ad9bc110405e68/mnist_model
2025-07-12T13:59:02.697395+0000 INFO ModelMLFlow Loaded
2025-07-12T13:59:02.782718+0000 INFO Prediction : [[4.1506781e-10 2.0741594e-03 9.7555953e-01 8.8181014e-07 9.0667307e-13
  2.2251999e-02 7.2055183e-05 4.0778246e-05 2.1108517e-07 3.1650546e-07]] - 2
2025-07-12T13:59:06.572348+0000 INFO Received file for correction: canvas.png : 2 ==> 3
2025-07-12T13:59:06.572840+0000 INFO save_correction : 3
2025-07-12T14:19:24.358368+0000 INFO Received file for prediction: canvas.png => Checking model URI runs:/4397caf7f05845fdb6ad9bc110405e68/mnist_model
2025-07-12T14:19:25.334847+0000 INFO Model keras loaded with mlflow.keras.load_model: runs:/4397caf7f05845fdb6ad9bc110405e68/mnist_model
2025-07-12T14:19:25.335263+0000 INFO ModelMLFlow Loaded
2025-07-12T14:19:25.409379+0000 INFO Prediction : [[1.66525391e-10 6.52543232e-02 1.19552528e-03 3.03760856e-07
  3.25384247e-10 7.10804045e-01 1.11111335e-01 1.11634411e-01
  1.34728486e-08 6.79705536e-09]] - 5
2025-07-12T14:19:30.158283+0000 INFO Received file for correction: canvas.png : 5 ==> 9
2025-07-12T14:19:30.158683+0000 INFO save_correction : 9
2025-07-12T14:19:35.031220+0000 INFO Received file for prediction: canvas.png => Checking model URI runs:/4397caf7f05845fdb6ad9bc110405e68/mnist_model
2025-07-12T14:19:36.002467+0000 INFO Model keras loaded with mlflow.keras.load_model: runs:/4397caf7f05845fdb6ad9bc110405e68/mnist_model
2025-07-12T14:19:36.002894+0000 INFO ModelMLFlow Loaded
2025-07-12T14:19:36.079047+0000 INFO Prediction : [[7.1083444e-13 1.8148648e-03 2.0080242e-02 1.0125678e-05 4.2182029e-13
  9.7264713e-01 5.4462249e-03 1.4844552e-06 6.1921346e-10 2.3872077e-10]] - 5
2025-07-12T14:19:39.745343+0000 INFO Received file for correction: canvas.png : 5 ==> 3
2025-07-12T14:19:39.745696+0000 INFO save_correction : 3
2025-07-12T14:19:52.970658+0000 INFO Received file for prediction: canvas.png => Checking model URI runs:/4397caf7f05845fdb6ad9bc110405e68/mnist_model
2025-07-12T14:19:53.954842+0000 INFO Model keras loaded with mlflow.keras.load_model: runs:/4397caf7f05845fdb6ad9bc110405e68/mnist_model
2025-07-12T14:19:53.955286+0000 INFO ModelMLFlow Loaded
2025-07-12T14:19:54.038302+0000 INFO Prediction : [[5.5877640e-09 6.9997368e-05 9.6858907e-01 1.4660615e-06 1.9251871e-10
  2.3933975e-02 7.3867543e-03 1.5010208e-05 4.4566050e-08 3.6256658e-06]] - 2
2025-07-12T14:19:58.400993+0000 INFO Received file for correction: canvas.png : 2 ==> 8
2025-07-12T14:19:58.401341+0000 INFO save_correction : 8
2025-07-12T14:33:29.708389+0000 INFO Received file for prediction: canvas.png => Checking model URI runs:/4397caf7f05845fdb6ad9bc110405e68/mnist_model
2025-07-12T14:33:30.706581+0000 INFO Model keras loaded with mlflow.keras.load_model: runs:/4397caf7f05845fdb6ad9bc110405e68/mnist_model
2025-07-12T14:33:30.707007+0000 INFO ModelMLFlow Loaded
2025-07-12T14:33:30.794520+0000 INFO Prediction : [[2.0007416e-09 4.9202475e-03 5.1928961e-01 5.8595640e-07 1.1530388e-09
  3.4734160e-01 1.2738933e-01 1.0557849e-03 2.5622683e-06 2.6937866e-07]] - 2
2025-07-12T14:33:37.595924+0000 INFO Received file for prediction: canvas.png => Checking model URI runs:/4397caf7f05845fdb6ad9bc110405e68/mnist_model
2025-07-12T14:33:38.592393+0000 INFO Model keras loaded with mlflow.keras.load_model: runs:/4397caf7f05845fdb6ad9bc110405e68/mnist_model
2025-07-12T14:33:38.592789+0000 INFO ModelMLFlow Loaded
2025-07-12T14:33:38.674551+0000 INFO Prediction : [[5.6289511e-11 1.5042079e-06 2.6988814e-04 3.8977192e-05 1.5691237e-13
  9.9549794e-01 4.1904892e-03 4.3238180e-07 6.3183558e-07 2.2777261e-08]] - 5
2025-07-12T14:33:42.161896+0000 INFO Received file for correction: canvas.png : 5 ==> 3
2025-07-12T14:33:42.162521+0000 INFO save_correction : 3
2025-07-12T14:33:49.212092+0000 INFO Received file for prediction: canvas.png => Checking model URI runs:/4397caf7f05845fdb6ad9bc110405e68/mnist_model
2025-07-12T14:33:50.206660+0000 INFO Model keras loaded with mlflow.keras.load_model: runs:/4397caf7f05845fdb6ad9bc110405e68/mnist_model
2025-07-12T14:33:50.207097+0000 INFO ModelMLFlow Loaded
2025-07-12T14:33:50.295843+0000 INFO Prediction : [[8.6169717e-12 1.5934814e-04 3.3714452e-01 1.6947298e-03 1.0860829e-13
  6.4881617e-01 1.2155909e-02 2.9305073e-05 3.5096426e-11 2.4369998e-08]] - 5
2025-07-12T14:33:54.894107+0000 INFO Received file for correction: canvas.png : 5 ==> 3
2025-07-12T14:33:54.894452+0000 INFO save_correction : 3
2025-07-12T14:34:04.743637+0000 INFO Received file for prediction: canvas.png => Checking model URI runs:/4397caf7f05845fdb6ad9bc110405e68/mnist_model
2025-07-12T14:34:05.753594+0000 INFO Model keras loaded with mlflow.keras.load_model: runs:/4397caf7f05845fdb6ad9bc110405e68/mnist_model
2025-07-12T14:34:05.754082+0000 INFO ModelMLFlow Loaded
2025-07-12T14:34:05.840409+0000 INFO Prediction : [[1.5936001e-08 5.4165618e-03 1.6185578e-02 9.6218997e-08 2.2710228e-12
  4.1534606e-02 9.2791277e-01 8.9495489e-03 8.8150682e-07 3.0715672e-09]] - 6
2025-07-12T14:34:09.215736+0000 INFO Received file for correction: canvas.png : 6 ==> 7
2025-07-12T14:34:09.216165+0000 INFO save_correction : 7
2025-07-12T14:34:16.470132+0000 INFO Received file for prediction: canvas.png => Checking model URI runs:/4397caf7f05845fdb6ad9bc110405e68/mnist_model
2025-07-12T14:34:17.454695+0000 INFO Model keras loaded with mlflow.keras.load_model: runs:/4397caf7f05845fdb6ad9bc110405e68/mnist_model
2025-07-12T14:34:17.455184+0000 INFO ModelMLFlow Loaded
2025-07-12T14:34:17.545187+0000 INFO Prediction : [[9.9070041e-10 2.4880582e-04 9.0731896e-04 2.1953987e-07 1.6463918e-12
  8.9067447e-01 1.0814674e-01 2.1737984e-05 6.9393241e-07 7.3488827e-08]] - 5
2025-07-12T14:34:20.350325+0000 INFO Received file for correction: canvas.png : 5 ==> 3
2025-07-12T14:34:20.350744+0000 INFO save_correction : 3
2025-07-12T14:34:27.311289+0000 INFO Received file for prediction: canvas.png => Checking model URI runs:/4397caf7f05845fdb6ad9bc110405e68/mnist_model
2025-07-12T14:34:28.292284+0000 INFO Model keras loaded with mlflow.keras.load_model: runs:/4397caf7f05845fdb6ad9bc110405e68/mnist_model
2025-07-12T14:34:28.292704+0000 INFO ModelMLFlow Loaded
2025-07-12T14:34:28.374453+0000 INFO Prediction : [[2.5036120e-10 7.5574462e-07 2.5182255e-03 1.7906721e-05 4.6678567e-16
  1.2084250e-01 8.7657309e-01 1.7659012e-06 4.5811485e-05 2.0053434e-12]] - 6
2025-07-12T14:34:30.915536+0000 INFO Received file for correction: canvas.png : 6 ==> 3
2025-07-12T14:34:30.916570+0000 INFO save_correction : 3
2025-07-12T14:34:39.019385+0000 INFO Received file for prediction: canvas.png => Checking model URI runs:/4397caf7f05845fdb6ad9bc110405e68/mnist_model
2025-07-12T14:34:40.076929+0000 INFO Model keras loaded with mlflow.keras.load_model: runs:/4397caf7f05845fdb6ad9bc110405e68/mnist_model
2025-07-12T14:34:40.077369+0000 INFO ModelMLFlow Loaded
2025-07-12T14:34:40.171932+0000 INFO Prediction : [[4.0424322e-08 9.0281144e-03 7.1796185e-01 2.3688526e-06 1.5237329e-12
  2.4059748e-02 2.0333508e-01 4.5604255e-02 2.6098214e-06 6.0181824e-06]] - 2
2025-07-12T14:34:43.566179+0000 INFO Received file for correction: canvas.png : 2 ==> 7
2025-07-12T14:34:43.566645+0000 INFO save_correction : 7
2025-07-12T14:34:52.287088+0000 INFO Received file for prediction: canvas.png => Checking model URI runs:/4397caf7f05845fdb6ad9bc110405e68/mnist_model
2025-07-12T14:34:53.352330+0000 INFO Model keras loaded with mlflow.keras.load_model: runs:/4397caf7f05845fdb6ad9bc110405e68/mnist_model
2025-07-12T14:34:53.352735+0000 INFO ModelMLFlow Loaded
2025-07-12T14:34:53.432516+0000 INFO Prediction : [[2.5141425e-10 3.3760087e-05 1.8340194e-03 2.4591802e-07 1.1969452e-14
  8.3033377e-01 1.6777019e-01 1.6084969e-05 1.1980471e-05 5.0608402e-09]] - 5
2025-07-12T14:35:00.115073+0000 INFO Received file for correction: canvas.png : 5 ==> 3
2025-07-12T14:35:00.115504+0000 INFO save_correction : 3
2025-07-12T15:43:31.415796+0000 ERROR Erreur lors du réentraînement via /retrain : Run with UUID 09db2972eb824f309dc8f50a9b7ec9e2 is already active. To start a new run, first end the current run with mlflow.end_run(). To start a nested run, call start_run with nested=True
2025-07-12T15:49:02.825560+0000 ERROR Erreur lors du réentraînement via /retrain : Run with UUID 09db2972eb824f309dc8f50a9b7ec9e2 is already active. To start a new run, first end the current run with mlflow.end_run(). To start a nested run, call start_run with nested=True
2025-07-12T15:54:41.464494+0000 ERROR Erreur lors du réentraînement via /retrain : Run with UUID 09db2972eb824f309dc8f50a9b7ec9e2 is already active. To start a new run, first end the current run with mlflow.end_run(). To start a nested run, call start_run with nested=True
2025-07-12T16:00:42.031124+0000 ERROR Erreur lors du réentraînement via /retrain : Run with UUID 09db2972eb824f309dc8f50a9b7ec9e2 is already active. To start a new run, first end the current run with mlflow.end_run(). To start a nested run, call start_run with nested=True
2025-07-12T16:00:42.053737+0000 INFO Received file for prediction: canvas.png => Checking model URI runs:/4397caf7f05845fdb6ad9bc110405e68/mnist_model
2025-07-12T16:00:43.977538+0000 INFO Model keras loaded with mlflow.keras.load_model: runs:/4397caf7f05845fdb6ad9bc110405e68/mnist_model
2025-07-12T16:00:43.978043+0000 INFO ModelMLFlow Loaded
2025-07-12T16:00:44.099434+0000 INFO Prediction : [[1.3569076e-10 1.7143534e-04 9.9960464e-01 6.6396797e-06 3.6255145e-14
  1.4706483e-04 2.0771023e-07 6.9952352e-05 1.9799578e-09 1.9703409e-08]] - 2
2025-07-12T16:00:44.103756+0000 INFO Received file for prediction: canvas.png => Checking model URI runs:/4397caf7f05845fdb6ad9bc110405e68/mnist_model
2025-07-12T16:00:45.173325+0000 INFO Model keras loaded with mlflow.keras.load_model: runs:/4397caf7f05845fdb6ad9bc110405e68/mnist_model
2025-07-12T16:00:45.173829+0000 INFO ModelMLFlow Loaded
2025-07-12T16:00:45.294834+0000 INFO Prediction : [[1.3569076e-10 1.7143534e-04 9.9960464e-01 6.6396797e-06 3.6255145e-14
  1.4706483e-04 2.0771023e-07 6.9952352e-05 1.9799578e-09 1.9703409e-08]] - 2
2025-07-12T16:06:48.431707+0000 ERROR Erreur lors du réentraînement via /retrain : Run with UUID 09db2972eb824f309dc8f50a9b7ec9e2 is already active. To start a new run, first end the current run with mlflow.end_run(). To start a nested run, call start_run with nested=True
2025-07-12T16:06:48.466895+0000 INFO Received file for correction: canvas.png : 2 ==> 3
2025-07-12T16:06:48.468663+0000 INFO save_correction : 3
2025-07-13T07:35:35.288815+0000 INFO Nouveau modèle de prédiction mis à jour avec run_id: 13d905e3af5044589ec572a9d67b5fba (sauvegardé dans models/current_model.json)
2025-07-13T07:35:35.289257+0000 INFO Modèle loggué dans MLflow avec run_id=13d905e3af5044589ec572a9d67b5fba
2025-07-13T07:35:35.390973+0000 INFO Nouveau modèle de prédiction mis à jour avec run_id: 13d905e3af5044589ec572a9d67b5fba (sauvegardé dans models/current_model.json)
2025-07-13T07:35:35.391327+0000 INFO Réentraînement terminé avec succès. Meilleurs paramètres : {'lr': 0.009530386945003372, 'dropout': 0.4445210510319155}, précision : 0.979756772518158
2025-07-14T17:54:48.427928+0000 INFO Route '/' called by 172.18.0.1
2025-07-14T17:55:18.184503+0000 INFO Route '/' called by 172.18.0.1
2025-07-14T17:56:15.927791+0000 INFO Route '/' called by 172.18.0.1
2025-07-16T18:04:54.314536+0000 INFO Route '/' called by 172.18.0.1
2025-07-16T18:05:13.540482+0000 INFO Route '/' called by 172.18.0.1
2025-07-16T18:06:32.728222+0000 INFO Route '/' called by 172.18.0.1
2025-07-19T11:36:22.777938+0000 INFO Starting training iteration 0 of 1
2025-07-19T11:36:29.274926+0000 INFO Dataset shape after cleaning: (60000, 785)
2025-07-19T11:36:29.275863+0000 INFO Training data loaded: mnist_full.csv with shape (60000, 785)
2025-07-19T11:36:30.607495+0000 INFO Loading model from previous model_id: 13d905e3af5044589ec572a9d67b5fba
2025-07-19T11:36:33.057627+0000 WARNING Impossible de charger le modèle Keras: Failed to download artifacts from path 'mnist_model', please ensure that the path is correct.
2025-07-19T11:36:34.729478+0000 WARNING Impossible de charger le modèle sklearn: Failed to download artifacts from path 'mnist_model', please ensure that the path is correct.
2025-07-19T11:36:34.730066+0000 ERROR Aucun modèle MLflow trouvé ou compatible à l'URI: runs:/13d905e3af5044589ec572a9d67b5fba/mnist_model
2025-07-19T11:36:34.730571+0000 ERROR Erreur lors de l'entraînement : 'NoneType' object has no attribute 'fit'
2025-07-19T12:06:55.220760+0000 INFO Starting training iteration 0 of 1
2025-07-19T12:07:01.740468+0000 INFO Dataset shape after cleaning: (60000, 785)
2025-07-19T12:07:01.741122+0000 INFO Training data loaded: mnist_full.csv with shape (60000, 785)
2025-07-19T12:07:02.933737+0000 INFO Loading model from previous model_id: 13d905e3af5044589ec572a9d67b5fba
2025-07-19T12:07:04.420892+0000 WARNING Impossible de charger le modèle Keras: Failed to download artifacts from path 'mnist_model', please ensure that the path is correct.
2025-07-19T12:07:06.059900+0000 WARNING Impossible de charger le modèle sklearn: Failed to download artifacts from path 'mnist_model', please ensure that the path is correct.
2025-07-19T12:07:06.062745+0000 ERROR Aucun modèle MLflow trouvé ou compatible à l'URI: runs:/13d905e3af5044589ec572a9d67b5fba/mnist_model
2025-07-19T12:07:06.063447+0000 ERROR Erreur lors de l'entraînement : 'NoneType' object has no attribute 'fit'
2025-07-19T12:19:26.256867+0000 INFO Starting training iteration 0 of 1
2025-07-19T12:19:32.911832+0000 INFO Dataset shape after cleaning: (60000, 785)
2025-07-19T12:19:32.912792+0000 INFO Training data loaded: mnist_full.csv with shape (60000, 785)
2025-07-19T12:19:34.918960+0000 INFO Loading model from previous model_id: 13d905e3af5044589ec572a9d67b5fba
2025-07-19T12:19:36.678089+0000 WARNING Impossible de charger le modèle Keras: Failed to download artifacts from path 'mnist_model', please ensure that the path is correct.
2025-07-19T12:19:38.142957+0000 WARNING Impossible de charger le modèle sklearn: Failed to download artifacts from path 'mnist_model', please ensure that the path is correct.
2025-07-19T12:19:38.143586+0000 ERROR Aucun modèle MLflow trouvé ou compatible à l'URI: runs:/13d905e3af5044589ec572a9d67b5fba/mnist_model
2025-07-19T12:19:38.144173+0000 ERROR Erreur lors de l'entraînement : 'NoneType' object has no attribute 'fit'
2025-07-19T12:57:27.402467+0000 INFO train_route: ml
2025-07-19T12:57:27.403202+0000 INFO Début du téléchargement du fichier Parquet...
2025-07-19T12:57:29.827053+0000 INFO Données chargées: shape=(46004, 10)
2025-07-19T12:57:29.935643+0000 INFO Type du modèle instancié: <class 'sklearn.ensemble._forest.RandomForestClassifier'>
2025-07-19T12:57:38.534883+0000 INFO Modèle entraîné et sauvegardé: models/model_rf.pkl
2025-07-19T12:57:38.535501+0000 INFO Accuracy=0.8378, F1=0.8350, Durée entraînement=7.27s
2025-07-19T12:57:38.537922+0000 INFO Entraînement ml terminé: {'accuracy': 0.8378437126399304, 'f1': 0.8349649103916751, 'duration': 7.272804498672485, 'model_path': 'models/model_rf.pkl'}
2025-07-19T12:58:49.917845+0000 INFO train_route: dl
2025-07-19T12:58:49.918471+0000 INFO Début du téléchargement du fichier Parquet...
2025-07-19T12:58:49.965669+0000 INFO Données chargées: shape=(46004, 10)
2025-07-19T12:58:51.108562+0000 ERROR Erreur lors de l'entraînement dl: Invalid dtype: object
2025-07-19T13:16:39.068959+0000 INFO train_route: dl
2025-07-19T13:16:39.069764+0000 INFO Début du téléchargement du fichier Parquet...
2025-07-19T13:16:39.139764+0000 INFO Données chargées: shape=(46004, 10)
2025-07-19T13:17:33.220677+0000 INFO Modèle DL entraîné et sauvegardé: models/model_dl.h5
2025-07-19T13:17:33.221461+0000 INFO Accuracy=0.8299, F1=0.8244, Durée entraînement=53.18s, CPU=78.87s
2025-07-19T13:17:33.223588+0000 INFO Entraînement dl terminé: {'accuracy': 0.8299097924138681, 'f1': 0.8244253135301817, 'duration': 53.182822942733765, 'cpu_usage': 78.87, 'model_path': 'models/model_dl.h5'}
2025-07-19T18:29:32.234332+0000 INFO Route '/' called by 172.18.0.1
2025-07-19T18:29:56.838255+0000 INFO Route '/' called by 172.18.0.1
2025-07-19T18:31:06.907863+0000 INFO Route '/' called by 172.18.0.1
2025-07-20T08:20:42.069694+0000 INFO train_route: ml
2025-07-20T08:20:42.105848+0000 INFO Début du téléchargement du fichier Parquet...
2025-07-20T08:20:44.597039+0000 INFO Données chargées: shape=(46004, 10)
2025-07-20T08:20:45.687119+0000 INFO Type du modèle instancié: <class 'sklearn.ensemble._forest.RandomForestClassifier'>
2025-07-20T08:20:53.856234+0000 INFO Modèle entraîné et sauvegardé: models/model_rf.pkl
2025-07-20T08:20:53.856566+0000 INFO Accuracy=0.8378, F1=0.8350, Durée entraînement=6.44s
2025-07-20T08:20:53.923695+0000 INFO Entraînement ml terminé: {'accuracy': 0.8378437126399304, 'f1': 0.8349649103916751, 'duration': 6.438981294631958, 'model_path': 'models/model_rf.pkl'}
2025-07-20T08:26:16.562025+0000 INFO train_route: ml
2025-07-20T08:26:16.562759+0000 INFO Début du téléchargement du fichier Parquet...
2025-07-20T08:26:16.721438+0000 INFO Données chargées: shape=(46004, 10)
2025-07-20T08:26:17.336268+0000 INFO Type du modèle instancié: <class 'sklearn.ensemble._forest.RandomForestClassifier'>
2025-07-20T08:26:33.066163+0000 INFO Modèle entraîné et sauvegardé: models/model_rf.pkl
2025-07-20T08:26:33.066595+0000 INFO Accuracy=0.8378, F1=0.8350, Durée entraînement=5.28s
2025-07-20T08:26:33.343975+0000 INFO Entraînement ml terminé: {'accuracy': 0.8378437126399304, 'f1': 0.8349649103916751, 'duration': 5.283423662185669, 'model_path': 'models/model_rf.pkl'}
2025-07-20T18:39:38.497463+0000 INFO Route '/' called by 172.18.0.1
2025-07-20T18:40:06.994850+0000 INFO Route '/' called by 172.18.0.1
2025-07-20T18:41:05.863781+0000 INFO Route '/' called by 172.18.0.1
2025-07-21T18:49:38.684321+0000 INFO Route '/' called by 172.18.0.1
2025-07-21T18:50:13.049672+0000 INFO Route '/' called by 172.18.0.1
2025-07-22T18:59:39.146589+0000 INFO Route '/' called by 172.18.0.1
2025-07-22T19:00:11.824769+0000 INFO Route '/' called by 172.18.0.1
2025-07-24T13:20:24.924022+0000 INFO train_route: gbm
2025-07-24T13:20:24.924581+0000 INFO Début du téléchargement du fichier Parquet...
2025-07-24T13:20:24.985390+0000 INFO Données chargées: shape=(100000, 15)
2025-07-24T13:20:25.342197+0000 ERROR Erreur lors de l'entraînement gbm: Cannot cast DatetimeArray to dtype float64
2025-07-24T13:24:54.650345+0000 INFO train_route: gbm
2025-07-24T13:24:54.652199+0000 INFO Début du téléchargement du fichier Parquet...
2025-07-24T13:24:54.722793+0000 INFO Données chargées: shape=(100000, 15)
2025-07-24T13:25:10.723057+0000 INFO Modèle LightGBM entraîné et sauvegardé.
2025-07-24T13:25:10.723519+0000 INFO Accuracy=0.9507, F1=0.9493, Durée entraînement=3.58s, CPU=5.07s
2025-07-24T13:25:10.841077+0000 INFO Entraînement gbm terminé: {'accuracy': 0.9507333333333333, 'f1': 0.9492867252003149, 'duration': 3.575615167617798, 'cpu_usage': 5.07000000000005}
2025-07-24T13:25:10.841546+0000 ERROR Erreur lors de l'entraînement gbm: 1 validation error for TrainResponse
model_path
  Field required [type=missing, input_value={'accuracy': 0.9507333333...sage': 5.07000000000005}, input_type=dict]
    For further information visit https://errors.pydantic.dev/2.11/v/missing
2025-07-24T13:28:28.050456+0000 INFO train_route: gbm
2025-07-24T13:28:28.051162+0000 INFO Début du téléchargement du fichier Parquet...
2025-07-24T13:28:28.116247+0000 INFO Données chargées: shape=(100000, 15)
2025-07-24T13:28:38.937770+0000 INFO Modèle LightGBM entraîné et sauvegardé.
2025-07-24T13:28:38.938486+0000 INFO Accuracy=0.9507, F1=0.9493, Durée entraînement=3.21s, CPU=4.96s
2025-07-24T13:28:39.118417+0000 INFO Entraînement gbm terminé: {'accuracy': 0.9507333333333333, 'f1': 0.9492867252003149, 'duration': 3.2071616649627686, 'cpu_usage': 4.960000000000036, 'model_path': 'models/model_gbm.pkl'}
2025-07-24T19:10:51.780741+0000 INFO Route '/' called by 172.18.0.1
2025-07-24T19:11:08.227342+0000 INFO Route '/' called by 172.18.0.1
2025-07-27T06:54:30.597561+0000 INFO train_route: gbm
2025-07-27T06:54:30.943563+0000 INFO Début du téléchargement du fichier Parquet...
2025-07-27T06:54:58.529550+0000 INFO Données chargées: shape=(100000, 15)
2025-07-27T06:57:35.564127+0000 INFO Modèle LightGBM entraîné et sauvegardé.
2025-07-27T06:57:35.564543+0000 INFO Accuracy=0.9507, F1=0.9493, Durée entraînement=8.73s, CPU=9.59s
2025-07-27T06:57:35.743725+0000 INFO Entraînement gbm terminé: {'accuracy': 0.9507333333333333, 'f1': 0.9492867252003149, 'duration': 8.734827995300293, 'cpu_usage': 9.590000000000146, 'model_path': 'models/model_gbm.pkl'}
2025-07-27T07:04:57.875681+0000 INFO train_route: gbm
2025-07-27T07:04:57.876522+0000 INFO Début du téléchargement du fichier Parquet...
2025-07-27T07:04:58.685341+0000 INFO Données chargées: shape=(100000, 15)
2025-07-27T07:05:00.091569+0000 ERROR Erreur lors de l'entraînement gbm: name 'np' is not defined
2025-07-27T07:06:30.463015+0000 INFO train_route: gbm
2025-07-27T07:06:30.463711+0000 INFO Début du téléchargement du fichier Parquet...
2025-07-27T07:06:30.529696+0000 INFO Données chargées: shape=(100000, 15)
2025-07-27T07:06:40.376157+0000 INFO Modèle LightGBM entraîné et sauvegardé.
2025-07-27T07:06:40.394373+0000 INFO Accuracy=0.9362, F1=0.9374, Durée entraînement=1.58s, CPU=4.48s
2025-07-27T07:06:40.632842+0000 INFO Entraînement gbm terminé: {'accuracy': 0.9361666666666667, 'f1': 0.937368861275697, 'duration': 1.581164836883545, 'cpu_usage': 4.480000000003201, 'model_path': 'models/model_gbm.pkl'}
2025-07-28T12:59:00.452902+0000 INFO train_route: gbm
2025-07-28T12:59:00.453544+0000 INFO Début du téléchargement du fichier Parquet...
2025-07-28T12:59:05.765863+0000 INFO Données chargées: shape=(100000, 15)
2025-07-28T12:59:18.636360+0000 INFO Modèle LightGBM entraîné et sauvegardé.
2025-07-28T12:59:18.636735+0000 INFO Accuracy=0.9111, F1=0.9110, Durée entraînement=1.75s, CPU=4.26s
2025-07-28T12:59:18.777935+0000 INFO Entraînement gbm terminé: {'accuracy': 0.9110666666666667, 'f1': 0.9110218307167935, 'duration': 1.7543656826019287, 'cpu_usage': 4.259999999998399, 'model_path': 'models/model_gbm.pkl'}
2025-07-29T12:34:49.978997+0000 INFO load_predict_sample_fromparquet_test: http://database-app:8011
2025-07-29T12:34:49.979560+0000 INFO Téléchargement du fichier de test depuis http://database-app:8011/download-parquet-test ...
2025-07-29T12:34:50.004277+0000 INFO Payload: {'data': [{'DAY_OF_WEEK': np.int64(5), 'FL_DATE': Timestamp('2016-03-25 00:00:00'), 'UNIQUE_CARRIER': 'WN', 'AIRLINE_ID': np.int64(19393), 'ORIGIN': 'MDW', 'DEST': 'BUF', 'CRS_DEP_TIME': np.int64(2150), 'DEP_TIME': np.int64(2143), 'DEP_DELAY': np.float64(-7.0), 'DEP_DEL15': np.int64(0), 'TAXI_OUT': np.float64(15.0), 'WHEELS_OFF': np.int64(2158), 'CRS_ARR_TIME': np.int64(15), 'CRS_ELAPSED_TIME': np.float64(85.0), 'ARR_DEL15': 0}]} ...
2025-07-29T12:37:50.886180+0000 INFO load_predict_sample_fromparquet_test: http://database-app:8011
2025-07-29T12:37:50.886812+0000 INFO Téléchargement du fichier de test depuis http://database-app:8011/download-parquet-test ...
2025-07-29T12:37:50.919840+0000 INFO Payload: {'data': [{'DAY_OF_WEEK': np.int64(5), 'FL_DATE': Timestamp('2016-03-25 00:00:00'), 'UNIQUE_CARRIER': 'WN', 'AIRLINE_ID': np.int64(19393), 'ORIGIN': 'MDW', 'DEST': 'BUF', 'CRS_DEP_TIME': np.int64(2150), 'DEP_TIME': np.int64(2143), 'DEP_DELAY': np.float64(-7.0), 'DEP_DEL15': np.int64(0), 'TAXI_OUT': np.float64(15.0), 'WHEELS_OFF': np.int64(2158), 'CRS_ARR_TIME': np.int64(15), 'CRS_ELAPSED_TIME': np.float64(85.0), 'ARR_DEL15': 0}]} ...
2025-07-29T12:42:37.732014+0000 INFO load_predict_sample_fromparquet_test: http://database-app:8011
2025-07-29T12:42:37.732813+0000 INFO Téléchargement du fichier de test depuis http://database-app:8011/download-parquet-test ...
2025-07-29T12:42:37.760632+0000 INFO Fichier chargé: 1000 lignes
2025-07-29T12:42:37.762948+0000 INFO Payload: {'data': [{'DAY_OF_WEEK': np.int64(5), 'FL_DATE': Timestamp('2016-03-25 00:00:00'), 'UNIQUE_CARRIER': 'WN', 'AIRLINE_ID': np.int64(19393), 'ORIGIN': 'MDW', 'DEST': 'BUF', 'CRS_DEP_TIME': np.int64(2150), 'DEP_TIME': np.int64(2143), 'DEP_DELAY': np.float64(-7.0), 'DEP_DEL15': np.int64(0), 'TAXI_OUT': np.float64(15.0), 'WHEELS_OFF': np.int64(2158), 'CRS_ARR_TIME': np.int64(15), 'CRS_ELAPSED_TIME': np.float64(85.0), 'ARR_DEL15': 0}]} ...
2025-07-29T12:50:47.876565+0000 INFO load_predict_sample_fromparquet_test: http://database-app:8011
2025-07-29T12:50:47.877092+0000 INFO Téléchargement du fichier de test depuis http://database-app:8011/download-parquet-test ...
2025-07-29T12:50:47.911829+0000 INFO Fichier chargé: 1000 lignes
2025-07-29T12:50:47.913948+0000 INFO Payload: {'data': [{'DAY_OF_WEEK': 5, 'FL_DATE': '2016-03-25', 'UNIQUE_CARRIER': 'WN', 'AIRLINE_ID': 19393, 'ORIGIN': 'MDW', 'DEST': 'BUF', 'CRS_DEP_TIME': 2150, 'DEP_TIME': 2143, 'DEP_DELAY': -7.0, 'DEP_DEL15': 0, 'TAXI_OUT': 15.0, 'WHEELS_OFF': 2158, 'CRS_ARR_TIME': 15, 'CRS_ELAPSED_TIME': 85.0, 'ARR_DEL15': 0}]} ...
2025-07-29T12:51:16.708660+0000 INFO predict_gbm: data=[FlightInput(DAY_OF_WEEK=0, FL_DATE=0, UNIQUE_CARRIER='string', AIRLINE_ID=0, ORIGIN='string', DEST='string', CRS_DEP_TIME=0, DEP_TIME=0, DEP_DELAY=0.0, DEP_DEL15=0, TAXI_OUT=0.0, WHEELS_OFF=0, CRS_ARR_TIME=0, CRS_ELAPSED_TIME=0.0, ARR_DEL15=0)]
2025-07-29T12:55:01.570424+0000 INFO load_predict_sample_fromparquet_test: http://database-app:8011
2025-07-29T12:55:01.571116+0000 INFO Téléchargement du fichier de test depuis http://database-app:8011/download-parquet-test ...
2025-07-29T12:55:01.596741+0000 INFO Fichier chargé: 1000 lignes
2025-07-29T12:55:05.728493+0000 INFO load_predict_sample_fromparquet_test: http://database-app:8011
2025-07-29T12:55:05.728887+0000 INFO Téléchargement du fichier de test depuis http://database-app:8011/download-parquet-test ...
2025-07-29T12:55:05.736586+0000 INFO Fichier chargé: 1000 lignes
2025-07-29T12:55:31.776753+0000 INFO load_predict_sample_fromparquet_test: http://database-app:8011
2025-07-29T12:55:31.777197+0000 INFO Téléchargement du fichier de test depuis http://database-app:8011/download-parquet-test ...
2025-07-29T12:55:31.788594+0000 INFO Fichier chargé: 1000 lignes
2025-07-29T12:59:04.468704+0000 INFO load_predict_sample_fromparquet_test: http://database-app:8011
2025-07-29T12:59:04.488871+0000 INFO Téléchargement du fichier de test depuis http://database-app:8011/download-parquet-test ...
2025-07-29T12:59:04.564510+0000 INFO Fichier chargé: 1000 lignes
2025-07-29T12:59:04.567511+0000 ERROR Erreur payload :
2025-07-29T13:06:21.643470+0000 INFO load_predict_sample_fromparquet_test: http://database-app:8011
2025-07-29T13:06:21.644083+0000 INFO Téléchargement du fichier de test depuis http://database-app:8011/download-parquet-test ...
2025-07-29T13:06:21.683434+0000 INFO Fichier chargé: 1000 lignes
2025-07-29T13:06:21.685644+0000 INFO Payload: {'data': [{'DAY_OF_WEEK': 5, 'FL_DATE': 1462492800, 'UNIQUE_CARRIER': 'WN', 'AIRLINE_ID': 19393, 'ORIGIN': 'MKE', 'DEST': 'DEN', 'CRS_DEP_TIME': 550, 'DEP_TIME': 549, 'DEP_DELAY': -1.0, 'DEP_DEL15': 0, 'TAXI_OUT': 9.0, 'WHEELS_OFF': 558, 'CRS_ARR_TIME': 720, 'CRS_ELAPSED_TIME': 150.0, 'ARR_DEL15': 0}]} ...
2025-07-29T13:06:44.486413+0000 INFO predict_gbm: data=[FlightInput(DAY_OF_WEEK=5, FL_DATE=1462492800, UNIQUE_CARRIER='WN', AIRLINE_ID=19393, ORIGIN='MKE', DEST='DEN', CRS_DEP_TIME=550, DEP_TIME=549, DEP_DELAY=-1.0, DEP_DEL15=0, TAXI_OUT=9.0, WHEELS_OFF=558, CRS_ARR_TIME=720, CRS_ELAPSED_TIME=150.0, ARR_DEL15=0)]
2025-07-29T13:26:20.128296+0000 INFO load_predict_sample_fromparquet_test: http://database-app:8011
2025-07-29T13:26:20.129365+0000 INFO Téléchargement du fichier de test depuis http://database-app:8011/download-parquet-test ...
2025-07-29T13:26:20.142651+0000 INFO Fichier chargé: 1000 lignes
2025-07-29T13:26:20.144517+0000 INFO Payload: {'data': [{'DAY_OF_WEEK': 5, 'FL_DATE': 1469145600, 'UNIQUE_CARRIER': 'DL', 'AIRLINE_ID': 19790, 'ORIGIN': 'LGA', 'DEST': 'MIA', 'CRS_DEP_TIME': 1259, 'DEP_TIME': 1257, 'DEP_DELAY': -2.0, 'DEP_DEL15': 0, 'TAXI_OUT': 23.0, 'WHEELS_OFF': 1320, 'CRS_ARR_TIME': 1622, 'CRS_ELAPSED_TIME': 203.0, 'ARR_DEL15': 0}]} ...
2025-07-29T13:26:23.695710+0000 INFO load_predict_sample_fromparquet_test: http://database-app:8011
2025-07-29T13:26:23.696144+0000 INFO Téléchargement du fichier de test depuis http://database-app:8011/download-parquet-test ...
2025-07-29T13:26:23.705524+0000 INFO Fichier chargé: 1000 lignes
2025-07-29T13:26:23.706835+0000 INFO Payload: {'data': [{'DAY_OF_WEEK': 2, 'FL_DATE': 1457395200, 'UNIQUE_CARRIER': 'WN', 'AIRLINE_ID': 19393, 'ORIGIN': 'STL', 'DEST': 'HOU', 'CRS_DEP_TIME': 1250, 'DEP_TIME': 1247, 'DEP_DELAY': -3.0, 'DEP_DEL15': 0, 'TAXI_OUT': 10.0, 'WHEELS_OFF': 1257, 'CRS_ARR_TIME': 1500, 'CRS_ELAPSED_TIME': 130.0, 'ARR_DEL15': 1}]} ...
2025-07-29T13:26:42.602433+0000 INFO predict_gbm: data=[FlightInput(DAY_OF_WEEK=2, FL_DATE=1457395200, UNIQUE_CARRIER='WN', AIRLINE_ID=19393, ORIGIN='STL', DEST='HOU', CRS_DEP_TIME=1250, DEP_TIME=1247, DEP_DELAY=-3.0, DEP_DEL15=0, TAXI_OUT=10.0, WHEELS_OFF=1257, CRS_ARR_TIME=1500, CRS_ELAPSED_TIME=130.0, ARR_DEL15=1)]
2025-07-29T13:27:23.686014+0000 INFO load_predict_sample_fromparquet_test: http://database-app:8011
2025-07-29T13:27:23.686464+0000 INFO Téléchargement du fichier de test depuis http://database-app:8011/download-parquet-test ...
2025-07-29T13:27:23.696485+0000 INFO Fichier chargé: 1000 lignes
2025-07-29T13:27:23.698149+0000 INFO Payload: {'data': [{'DAY_OF_WEEK': 1, 'FL_DATE': 1451865600, 'UNIQUE_CARRIER': 'WN', 'AIRLINE_ID': 19393, 'ORIGIN': 'PIT', 'DEST': 'MDW', 'CRS_DEP_TIME': 1230, 'DEP_TIME': 1243, 'DEP_DELAY': 13.0, 'DEP_DEL15': 0, 'TAXI_OUT': 10.0, 'WHEELS_OFF': 1253, 'CRS_ARR_TIME': 1300, 'CRS_ELAPSED_TIME': 90.0, 'ARR_DEL15': 0}]} ...
2025-07-29T13:27:26.562520+0000 INFO load_predict_sample_fromparquet_test: http://database-app:8011
2025-07-29T13:27:26.562915+0000 INFO Téléchargement du fichier de test depuis http://database-app:8011/download-parquet-test ...
2025-07-29T13:27:26.571755+0000 INFO Fichier chargé: 1000 lignes
2025-07-29T13:27:26.573325+0000 INFO Payload: {'data': [{'DAY_OF_WEEK': 6, 'FL_DATE': 1482537600, 'UNIQUE_CARRIER': 'DL', 'AIRLINE_ID': 19790, 'ORIGIN': 'SAN', 'DEST': 'JFK', 'CRS_DEP_TIME': 1258, 'DEP_TIME': 1255, 'DEP_DELAY': -3.0, 'DEP_DEL15': 0, 'TAXI_OUT': 19.0, 'WHEELS_OFF': 1314, 'CRS_ARR_TIME': 2119, 'CRS_ELAPSED_TIME': 321.0, 'ARR_DEL15': 0}]} ...
2025-07-29T13:27:27.585197+0000 INFO load_predict_sample_fromparquet_test: http://database-app:8011
2025-07-29T13:27:27.585689+0000 INFO Téléchargement du fichier de test depuis http://database-app:8011/download-parquet-test ...
2025-07-29T13:27:27.597272+0000 INFO Fichier chargé: 1000 lignes
2025-07-29T13:27:27.598579+0000 INFO Payload: {'data': [{'DAY_OF_WEEK': 3, 'FL_DATE': 1458691200, 'UNIQUE_CARRIER': 'EV', 'AIRLINE_ID': 20366, 'ORIGIN': 'XNA', 'DEST': 'ORD', 'CRS_DEP_TIME': 1111, 'DEP_TIME': 1104, 'DEP_DELAY': -7.0, 'DEP_DEL15': 0, 'TAXI_OUT': 44.0, 'WHEELS_OFF': 1148, 'CRS_ARR_TIME': 1259, 'CRS_ELAPSED_TIME': 108.0, 'ARR_DEL15': 0}]} ...
2025-07-29T13:27:28.290455+0000 INFO load_predict_sample_fromparquet_test: http://database-app:8011
2025-07-29T13:27:28.302576+0000 INFO Téléchargement du fichier de test depuis http://database-app:8011/download-parquet-test ...
2025-07-29T13:27:28.313389+0000 INFO Fichier chargé: 1000 lignes
2025-07-29T13:27:28.314714+0000 INFO Payload: {'data': [{'DAY_OF_WEEK': 5, 'FL_DATE': 1473984000, 'UNIQUE_CARRIER': 'WN', 'AIRLINE_ID': 19393, 'ORIGIN': 'SEA', 'DEST': 'SMF', 'CRS_DEP_TIME': 1715, 'DEP_TIME': 1715, 'DEP_DELAY': 0.0, 'DEP_DEL15': 0, 'TAXI_OUT': 18.0, 'WHEELS_OFF': 1733, 'CRS_ARR_TIME': 1900, 'CRS_ELAPSED_TIME': 105.0, 'ARR_DEL15': 0}]} ...
2025-07-29T13:27:29.187380+0000 INFO load_predict_sample_fromparquet_test: http://database-app:8011
2025-07-29T13:27:29.187883+0000 INFO Téléchargement du fichier de test depuis http://database-app:8011/download-parquet-test ...
2025-07-29T13:27:29.196639+0000 INFO Fichier chargé: 1000 lignes
2025-07-29T13:27:29.198058+0000 INFO Payload: {'data': [{'DAY_OF_WEEK': 6, 'FL_DATE': 1464393600, 'UNIQUE_CARRIER': 'OO', 'AIRLINE_ID': 20304, 'ORIGIN': 'BHM', 'DEST': 'ORD', 'CRS_DEP_TIME': 745, 'DEP_TIME': 939, 'DEP_DELAY': 114.0, 'DEP_DEL15': 1, 'TAXI_OUT': 18.0, 'WHEELS_OFF': 957, 'CRS_ARR_TIME': 959, 'CRS_ELAPSED_TIME': 134.0, 'ARR_DEL15': 1}]} ...
2025-07-29T13:28:34.867319+0000 INFO predict_gbm: data=[FlightInput(DAY_OF_WEEK=6, FL_DATE=1464393600, UNIQUE_CARRIER='OO', AIRLINE_ID=20304, ORIGIN='BHM', DEST='ORD', CRS_DEP_TIME=745, DEP_TIME=939, DEP_DELAY=114.0, DEP_DEL15=1, TAXI_OUT=18.0, WHEELS_OFF=957, CRS_ARR_TIME=959, CRS_ELAPSED_TIME=134.0, ARR_DEL15=1)]
2025-07-29T13:44:24.731011+0000 INFO Received data: Red
2025-07-29T13:44:27.042871+0000 INFO Received data: Green
2025-07-29T13:44:31.026508+0000 INFO Received data: Yellow
2025-07-29T13:47:54.402643+0000 INFO Route '/' called by 172.18.0.3
2025-07-29T13:48:54.511860+0000 INFO Route '/' called by 172.18.0.3
2025-07-29T13:49:54.554026+0000 INFO Route '/' called by 172.18.0.3
2025-07-29T13:50:54.586874+0000 INFO Route '/' called by 172.18.0.3
2025-07-29T13:51:54.631636+0000 INFO Route '/' called by 172.18.0.3
2025-07-29T13:52:54.684564+0000 INFO Route '/' called by 172.18.0.3
2025-07-29T13:53:54.691864+0000 INFO Route '/' called by 172.18.0.3
2025-07-29T13:54:54.698513+0000 INFO Route '/' called by 172.18.0.3
2025-07-29T13:55:54.709303+0000 INFO Route '/' called by 172.18.0.3
2025-07-29T13:56:54.734976+0000 INFO Route '/' called by 172.18.0.3
2025-07-29T13:57:54.752858+0000 INFO Route '/' called by 172.18.0.3
2025-07-29T13:58:54.774259+0000 INFO Route '/' called by 172.18.0.3
2025-07-29T13:59:54.812447+0000 INFO Route '/' called by 172.18.0.3
2025-07-29T14:00:54.822046+0000 INFO Route '/' called by 172.18.0.3
2025-07-29T14:01:54.830651+0000 INFO Route '/' called by 172.18.0.3
2025-07-29T14:02:54.847725+0000 INFO Route '/' called by 172.18.0.3
2025-07-29T14:03:54.857566+0000 INFO Route '/' called by 172.18.0.3
2025-07-29T14:04:54.933313+0000 INFO Route '/' called by 172.18.0.3
2025-07-29T14:05:55.012708+0000 INFO Route '/' called by 172.18.0.3
2025-07-29T14:06:55.197655+0000 INFO Route '/' called by 172.18.0.3
2025-07-29T14:07:55.252033+0000 INFO Route '/' called by 172.18.0.3
2025-07-29T14:08:55.326853+0000 INFO Route '/' called by 172.18.0.3
2025-07-29T14:09:56.414499+0000 INFO Route '/' called by 172.18.0.3
2025-07-29T14:10:57.746897+0000 INFO Route '/' called by 172.18.0.3
2025-07-29T14:11:58.537764+0000 INFO Route '/' called by 172.18.0.3
2025-07-29T14:12:58.844996+0000 INFO Route '/' called by 172.18.0.3
2025-07-29T14:13:59.980490+0000 INFO Route '/' called by 172.18.0.3
2025-07-29T14:15:00.221094+0000 INFO Route '/' called by 172.18.0.3
2025-07-29T14:16:00.251503+0000 INFO Route '/' called by 172.18.0.3
2025-07-29T14:17:00.338461+0000 INFO Route '/' called by 172.18.0.3
2025-07-29T14:18:00.355655+0000 INFO Route '/' called by 172.18.0.3
2025-07-29T14:19:00.394251+0000 INFO Route '/' called by 172.18.0.3
2025-07-29T15:00:39.634968+0000 INFO Route '/' called by 172.18.0.7
2025-07-29T15:01:36.153976+0000 INFO Route '/' called by 172.18.0.1
2025-07-29T15:01:40.076041+0000 INFO Route '/' called by 172.18.0.7
2025-07-29T15:02:40.083910+0000 INFO Route '/' called by 172.18.0.7
2025-07-29T15:03:40.094344+0000 INFO Route '/' called by 172.18.0.7
2025-07-29T15:04:40.103627+0000 INFO Route '/' called by 172.18.0.7
2025-07-29T15:05:40.114342+0000 INFO Route '/' called by 172.18.0.7
2025-07-29T15:06:40.133615+0000 INFO Route '/' called by 172.18.0.7
2025-07-29T15:07:40.103212+0000 INFO Route '/' called by 172.18.0.7
2025-07-29T15:08:40.148207+0000 INFO Route '/' called by 172.18.0.7
2025-07-29T15:09:40.208410+0000 INFO Route '/' called by 172.18.0.7
2025-07-29T15:10:40.216945+0000 INFO Route '/' called by 172.18.0.7
2025-07-29T15:11:40.231674+0000 INFO Route '/' called by 172.18.0.7
2025-07-29T15:12:40.266111+0000 INFO Route '/' called by 172.18.0.7
2025-07-29T15:13:40.305477+0000 INFO Route '/' called by 172.18.0.7
2025-07-29T15:14:40.317823+0000 INFO Route '/' called by 172.18.0.7
2025-07-29T15:15:40.340774+0000 INFO Route '/' called by 172.18.0.7
2025-07-29T15:16:40.431506+0000 INFO Route '/' called by 172.18.0.7
2025-07-29T15:17:40.440224+0000 INFO Route '/' called by 172.18.0.7
2025-07-29T15:18:40.777608+0000 INFO Route '/' called by 172.18.0.7
2025-07-29T15:19:40.826610+0000 INFO Route '/' called by 172.18.0.7
2025-07-29T15:20:40.881247+0000 INFO Route '/' called by 172.18.0.7
2025-07-29T15:21:41.325039+0000 INFO Route '/' called by 172.18.0.7
2025-07-29T15:22:42.041045+0000 INFO Route '/' called by 172.18.0.7
2025-07-29T15:23:42.072299+0000 INFO Route '/' called by 172.18.0.7
2025-07-29T15:24:42.128003+0000 INFO Route '/' called by 172.18.0.7
2025-07-29T15:25:42.182237+0000 INFO Route '/' called by 172.18.0.7
2025-07-29T15:26:42.281732+0000 INFO Route '/' called by 172.18.0.7
2025-07-29T15:27:42.311797+0000 INFO Route '/' called by 172.18.0.7
2025-07-29T15:28:42.340306+0000 INFO Route '/' called by 172.18.0.7
2025-07-29T15:29:42.364048+0000 INFO Route '/' called by 172.18.0.7
2025-07-29T15:30:42.381687+0000 INFO Route '/' called by 172.18.0.7
2025-07-29T15:31:42.408558+0000 INFO Route '/' called by 172.18.0.7
2025-07-29T15:32:42.418944+0000 INFO Route '/' called by 172.18.0.7
2025-07-29T15:33:42.425580+0000 INFO Route '/' called by 172.18.0.7
2025-07-29T15:34:42.471334+0000 INFO Route '/' called by 172.18.0.7
2025-07-29T15:35:42.497827+0000 INFO Route '/' called by 172.18.0.7
2025-07-29T15:36:42.537338+0000 INFO Route '/' called by 172.18.0.7
2025-07-29T15:37:42.584851+0000 INFO Route '/' called by 172.18.0.7
2025-07-29T15:38:42.774859+0000 INFO Route '/' called by 172.18.0.7
2025-07-29T15:39:42.788849+0000 INFO Route '/' called by 172.18.0.7
2025-07-29T15:40:43.212037+0000 INFO Route '/' called by 172.18.0.7
2025-07-29T15:41:43.382790+0000 INFO Route '/' called by 172.18.0.7
2025-07-29T15:42:43.407558+0000 INFO Route '/' called by 172.18.0.7
2025-07-29T15:43:43.493713+0000 INFO Route '/' called by 172.18.0.7
2025-07-29T15:44:43.520984+0000 INFO Route '/' called by 172.18.0.7
2025-07-29T15:45:43.527247+0000 INFO Route '/' called by 172.18.0.7
2025-07-29T15:46:43.601761+0000 INFO Route '/' called by 172.18.0.7
2025-07-29T15:47:43.616853+0000 INFO Route '/' called by 172.18.0.7
2025-07-29T15:48:43.818722+0000 INFO Route '/' called by 172.18.0.7
2025-07-29T15:49:43.882328+0000 INFO Route '/' called by 172.18.0.7
2025-07-29T15:50:43.943274+0000 INFO Route '/' called by 172.18.0.7
2025-07-29T15:51:43.984678+0000 INFO Route '/' called by 172.18.0.7
2025-07-29T15:52:44.011719+0000 INFO Route '/' called by 172.18.0.7
2025-07-29T15:53:44.045435+0000 INFO Route '/' called by 172.18.0.7
2025-07-29T15:54:44.068130+0000 INFO Route '/' called by 172.18.0.7
2025-07-29T15:55:44.105468+0000 INFO Route '/' called by 172.18.0.7
2025-07-29T15:56:44.111457+0000 INFO Route '/' called by 172.18.0.7
2025-07-29T15:57:44.120984+0000 INFO Route '/' called by 172.18.0.7
2025-07-29T15:58:44.141124+0000 INFO Route '/' called by 172.18.0.7
2025-07-29T15:59:44.151225+0000 INFO Route '/' called by 172.18.0.7
2025-07-29T16:00:44.165461+0000 INFO Route '/' called by 172.18.0.7
2025-07-29T16:01:44.176444+0000 INFO Route '/' called by 172.18.0.7
2025-07-29T16:02:44.186910+0000 INFO Route '/' called by 172.18.0.7
2025-07-29T16:03:44.201534+0000 INFO Route '/' called by 172.18.0.7
2025-07-29T16:04:44.207699+0000 INFO Route '/' called by 172.18.0.7
2025-07-29T16:05:44.215097+0000 INFO Route '/' called by 172.18.0.7
2025-07-29T16:06:44.230548+0000 INFO Route '/' called by 172.18.0.7
2025-07-29T16:07:44.233523+0000 INFO Route '/' called by 172.18.0.7
2025-07-29T16:08:44.237405+0000 INFO Route '/' called by 172.18.0.7
2025-07-29T16:09:44.255904+0000 INFO Route '/' called by 172.18.0.7
2025-07-29T16:10:44.264132+0000 INFO Route '/' called by 172.18.0.7
2025-07-29T16:11:44.328562+0000 INFO Route '/' called by 172.18.0.7
2025-07-29T16:12:44.367271+0000 INFO Route '/' called by 172.18.0.7
2025-07-29T16:13:44.386231+0000 INFO Route '/' called by 172.18.0.7
2025-07-29T16:14:44.411279+0000 INFO Route '/' called by 172.18.0.7
2025-07-29T16:15:44.428030+0000 INFO Route '/' called by 172.18.0.7
2025-07-29T16:16:44.435369+0000 INFO Route '/' called by 172.18.0.7
2025-07-29T16:17:44.448746+0000 INFO Route '/' called by 172.18.0.7
2025-07-29T16:18:44.475876+0000 INFO Route '/' called by 172.18.0.7
2025-07-29T16:19:44.485165+0000 INFO Route '/' called by 172.18.0.7
2025-07-29T16:20:44.489223+0000 INFO Route '/' called by 172.18.0.7
2025-07-29T16:21:44.539905+0000 INFO Route '/' called by 172.18.0.7
2025-07-29T16:22:44.553542+0000 INFO Route '/' called by 172.18.0.7
2025-07-29T16:23:44.562463+0000 INFO Route '/' called by 172.18.0.7
2025-07-29T16:24:44.570932+0000 INFO Route '/' called by 172.18.0.7
2025-07-29T16:25:44.581174+0000 INFO Route '/' called by 172.18.0.7
2025-07-29T16:26:44.618999+0000 INFO Route '/' called by 172.18.0.7
2025-07-29T16:27:44.636541+0000 INFO Route '/' called by 172.18.0.7
2025-07-29T16:28:44.653957+0000 INFO Route '/' called by 172.18.0.7
2025-07-29T16:29:44.669293+0000 INFO Route '/' called by 172.18.0.7
2025-07-29T16:30:44.674616+0000 INFO Route '/' called by 172.18.0.7
2025-07-29T16:31:44.681466+0000 INFO Route '/' called by 172.18.0.7
2025-07-29T16:32:44.721356+0000 INFO Route '/' called by 172.18.0.7
2025-07-29T16:33:44.746166+0000 INFO Route '/' called by 172.18.0.7
2025-07-29T16:34:44.755059+0000 INFO Route '/' called by 172.18.0.7
2025-07-29T16:35:44.761313+0000 INFO Route '/' called by 172.18.0.7
2025-07-29T16:36:44.783102+0000 INFO Route '/' called by 172.18.0.7
2025-07-29T16:37:44.795948+0000 INFO Route '/' called by 172.18.0.7
2025-07-29T16:38:44.816462+0000 INFO Route '/' called by 172.18.0.7
2025-07-29T16:39:44.825853+0000 INFO Route '/' called by 172.18.0.7
2025-07-29T16:40:44.836790+0000 INFO Route '/' called by 172.18.0.7
2025-07-29T16:41:44.865663+0000 INFO Route '/' called by 172.18.0.7
2025-07-29T16:42:44.881236+0000 INFO Route '/' called by 172.18.0.7
2025-07-29T16:43:44.889254+0000 INFO Route '/' called by 172.18.0.7
2025-07-29T16:44:44.898407+0000 INFO Route '/' called by 172.18.0.7
2025-07-29T16:45:44.906666+0000 INFO Route '/' called by 172.18.0.7
2025-07-29T16:46:44.917737+0000 INFO Route '/' called by 172.18.0.7
2025-07-29T16:47:44.920681+0000 INFO Route '/' called by 172.18.0.7
2025-07-29T16:48:44.942977+0000 INFO Route '/' called by 172.18.0.7
2025-07-29T16:49:44.953680+0000 INFO Route '/' called by 172.18.0.7
2025-07-29T16:50:44.955717+0000 INFO Route '/' called by 172.18.0.7
2025-07-29T16:51:44.970087+0000 INFO Route '/' called by 172.18.0.7
2025-07-29T16:52:44.998228+0000 INFO Route '/' called by 172.18.0.7
2025-07-29T16:53:45.016502+0000 INFO Route '/' called by 172.18.0.7
2025-07-29T16:54:45.022117+0000 INFO Route '/' called by 172.18.0.7
2025-07-29T16:55:45.023535+0000 INFO Route '/' called by 172.18.0.7
2025-07-29T16:56:45.036099+0000 INFO Route '/' called by 172.18.0.7
2025-07-29T16:57:45.060761+0000 INFO Route '/' called by 172.18.0.7
2025-07-29T16:58:45.065635+0000 INFO Route '/' called by 172.18.0.7
2025-07-29T16:59:45.069276+0000 INFO Route '/' called by 172.18.0.7
2025-07-29T17:00:45.073099+0000 INFO Route '/' called by 172.18.0.7
2025-07-29T17:01:45.093011+0000 INFO Route '/' called by 172.18.0.7
2025-07-29T17:02:45.111948+0000 INFO Route '/' called by 172.18.0.7
2025-07-29T17:03:45.114235+0000 INFO Route '/' called by 172.18.0.7
2025-07-29T17:04:45.118354+0000 INFO Route '/' called by 172.18.0.7
2025-07-29T17:05:45.121829+0000 INFO Route '/' called by 172.18.0.7
2025-07-29T17:06:45.134401+0000 INFO Route '/' called by 172.18.0.7
2025-07-29T17:07:45.133860+0000 INFO Route '/' called by 172.18.0.7
2025-07-29T17:08:45.176885+0000 INFO Route '/' called by 172.18.0.7
2025-07-29T17:09:45.182746+0000 INFO Route '/' called by 172.18.0.7
2025-07-29T17:10:45.194152+0000 INFO Route '/' called by 172.18.0.7
2025-07-29T17:11:45.206647+0000 INFO Route '/' called by 172.18.0.7
2025-07-29T17:12:45.211152+0000 INFO Route '/' called by 172.18.0.7
2025-07-29T17:13:45.214599+0000 INFO Route '/' called by 172.18.0.7
2025-07-29T17:14:45.217702+0000 INFO Route '/' called by 172.18.0.7
2025-07-29T17:15:45.221495+0000 INFO Route '/' called by 172.18.0.7
2025-07-29T17:16:45.232250+0000 INFO Route '/' called by 172.18.0.7
2025-07-29T17:17:45.235899+0000 INFO Route '/' called by 172.18.0.7
2025-07-29T17:18:45.241169+0000 INFO Route '/' called by 172.18.0.7
2025-07-29T17:19:45.241704+0000 INFO Route '/' called by 172.18.0.7
2025-07-29T17:20:45.248702+0000 INFO Route '/' called by 172.18.0.7
2025-07-29T17:21:45.259700+0000 INFO Route '/' called by 172.18.0.7
2025-07-29T17:22:45.271375+0000 INFO Route '/' called by 172.18.0.7
2025-07-29T17:23:45.278295+0000 INFO Route '/' called by 172.18.0.7
2025-07-29T17:24:45.288150+0000 INFO Route '/' called by 172.18.0.7
2025-07-29T17:25:45.310609+0000 INFO Route '/' called by 172.18.0.7
2025-07-29T17:26:45.332697+0000 INFO Route '/' called by 172.18.0.7
2025-07-29T17:27:45.338778+0000 INFO Route '/' called by 172.18.0.7
2025-07-29T17:28:45.341818+0000 INFO Route '/' called by 172.18.0.7
2025-07-29T17:29:45.346233+0000 INFO Route '/' called by 172.18.0.7
2025-07-29T17:30:45.349738+0000 INFO Route '/' called by 172.18.0.7
2025-07-29T17:31:45.357326+0000 INFO Route '/' called by 172.18.0.7
2025-07-29T17:32:45.371960+0000 INFO Route '/' called by 172.18.0.7
2025-07-29T17:33:45.378569+0000 INFO Route '/' called by 172.18.0.7
2025-07-29T17:34:45.395509+0000 INFO Route '/' called by 172.18.0.7
2025-07-29T17:35:45.403083+0000 INFO Route '/' called by 172.18.0.7
2025-07-29T17:36:45.413705+0000 INFO Route '/' called by 172.18.0.7
2025-07-29T17:37:45.419298+0000 INFO Route '/' called by 172.18.0.7
2025-07-29T17:38:45.424031+0000 INFO Route '/' called by 172.18.0.7
2025-07-29T17:39:45.432287+0000 INFO Route '/' called by 172.18.0.7
2025-07-29T17:40:45.439066+0000 INFO Route '/' called by 172.18.0.7
2025-07-29T17:41:45.449875+0000 INFO Route '/' called by 172.18.0.7
2025-07-29T17:42:45.453986+0000 INFO Route '/' called by 172.18.0.7
2025-07-29T17:43:45.461526+0000 INFO Route '/' called by 172.18.0.7
2025-07-29T17:44:45.487789+0000 INFO Route '/' called by 172.18.0.7
2025-07-29T17:45:45.513097+0000 INFO Route '/' called by 172.18.0.7
2025-07-29T17:46:45.546966+0000 INFO Route '/' called by 172.18.0.7
2025-07-29T17:47:45.573240+0000 INFO Route '/' called by 172.18.0.7
2025-07-29T17:48:45.580324+0000 INFO Route '/' called by 172.18.0.7
2025-07-29T17:49:45.585585+0000 INFO Route '/' called by 172.18.0.7
2025-07-29T17:50:45.597389+0000 INFO Route '/' called by 172.18.0.7
2025-07-29T17:51:45.614322+0000 INFO Route '/' called by 172.18.0.7
2025-07-29T17:52:45.623601+0000 INFO Route '/' called by 172.18.0.7
2025-07-29T17:53:45.629750+0000 INFO Route '/' called by 172.18.0.7
2025-07-29T17:54:45.635681+0000 INFO Route '/' called by 172.18.0.7
2025-07-29T17:55:45.644609+0000 INFO Route '/' called by 172.18.0.7
2025-07-29T17:56:45.655797+0000 INFO Route '/' called by 172.18.0.7
2025-07-29T17:57:45.662482+0000 INFO Route '/' called by 172.18.0.7
2025-07-29T17:58:45.666288+0000 INFO Route '/' called by 172.18.0.7
2025-07-29T17:59:45.670356+0000 INFO Route '/' called by 172.18.0.7
2025-07-29T18:00:45.674982+0000 INFO Route '/' called by 172.18.0.7
2025-07-29T18:01:45.685400+0000 INFO Route '/' called by 172.18.0.7
2025-07-29T18:02:45.691694+0000 INFO Route '/' called by 172.18.0.7
2025-07-29T18:03:45.695202+0000 INFO Route '/' called by 172.18.0.7
2025-07-29T18:04:45.706564+0000 INFO Route '/' called by 172.18.0.7
2025-07-29T18:05:45.711236+0000 INFO Route '/' called by 172.18.0.7
2025-07-29T18:06:45.725848+0000 INFO Route '/' called by 172.18.0.7
2025-07-29T18:07:45.732775+0000 INFO Route '/' called by 172.18.0.7
2025-07-29T18:08:45.734788+0000 INFO Route '/' called by 172.18.0.7
2025-07-29T18:09:45.740801+0000 INFO Route '/' called by 172.18.0.7
2025-07-29T18:10:45.749494+0000 INFO Route '/' called by 172.18.0.7
2025-07-29T18:11:45.769524+0000 INFO Route '/' called by 172.18.0.7
2025-07-29T18:12:45.789535+0000 INFO Route '/' called by 172.18.0.7
2025-07-29T18:13:45.805503+0000 INFO Route '/' called by 172.18.0.7
2025-07-29T18:14:45.835784+0000 INFO Route '/' called by 172.18.0.7
2025-07-29T18:15:45.851720+0000 INFO Route '/' called by 172.18.0.7
2025-07-29T18:16:45.857734+0000 INFO Route '/' called by 172.18.0.7
2025-07-29T18:17:45.864239+0000 INFO Route '/' called by 172.18.0.7
2025-07-29T18:18:45.869363+0000 INFO Route '/' called by 172.18.0.7
2025-07-29T18:19:45.877005+0000 INFO Route '/' called by 172.18.0.7
2025-07-29T18:20:45.884458+0000 INFO Route '/' called by 172.18.0.7
2025-07-29T18:21:45.898020+0000 INFO Route '/' called by 172.18.0.7
2025-07-29T18:22:45.913201+0000 INFO Route '/' called by 172.18.0.7
2025-07-29T18:23:45.922678+0000 INFO Route '/' called by 172.18.0.7
2025-07-29T18:24:45.926522+0000 INFO Route '/' called by 172.18.0.7
2025-07-29T18:25:45.950734+0000 INFO Route '/' called by 172.18.0.7
2025-07-29T18:26:45.958970+0000 INFO Route '/' called by 172.18.0.7
2025-07-29T18:27:45.960812+0000 INFO Route '/' called by 172.18.0.7
2025-07-29T18:28:45.963217+0000 INFO Route '/' called by 172.18.0.7
2025-07-29T18:29:45.968215+0000 INFO Route '/' called by 172.18.0.7
2025-07-29T18:30:45.975142+0000 INFO Route '/' called by 172.18.0.7
2025-07-29T18:31:45.983944+0000 INFO Route '/' called by 172.18.0.7
2025-07-29T18:32:45.990102+0000 INFO Route '/' called by 172.18.0.7
2025-07-29T18:33:46.000889+0000 INFO Route '/' called by 172.18.0.7
2025-07-29T18:34:46.016073+0000 INFO Route '/' called by 172.18.0.7
2025-07-29T18:35:46.020927+0000 INFO Route '/' called by 172.18.0.7
2025-07-29T18:36:46.024769+0000 INFO Route '/' called by 172.18.0.7
2025-07-29T18:37:46.031611+0000 INFO Route '/' called by 172.18.0.7
2025-07-29T18:38:46.035827+0000 INFO Route '/' called by 172.18.0.7
2025-07-29T18:39:46.049601+0000 INFO Route '/' called by 172.18.0.7
2025-07-29T18:40:46.055642+0000 INFO Route '/' called by 172.18.0.7
2025-07-29T18:41:46.072259+0000 INFO Route '/' called by 172.18.0.7
2025-07-29T18:42:46.081378+0000 INFO Route '/' called by 172.18.0.7
2025-07-29T18:43:46.099080+0000 INFO Route '/' called by 172.18.0.7
2025-07-29T18:44:46.117093+0000 INFO Route '/' called by 172.18.0.7
2025-07-29T18:45:46.129106+0000 INFO Route '/' called by 172.18.0.7
2025-07-29T18:46:46.138807+0000 INFO Route '/' called by 172.18.0.7
2025-07-29T18:47:46.143355+0000 INFO Route '/' called by 172.18.0.7
2025-07-29T18:48:46.150324+0000 INFO Route '/' called by 172.18.0.7
2025-07-29T18:49:46.168105+0000 INFO Route '/' called by 172.18.0.7
2025-07-29T18:50:46.183171+0000 INFO Route '/' called by 172.18.0.7
2025-07-29T18:51:46.191931+0000 INFO Route '/' called by 172.18.0.7
2025-07-29T18:52:46.195293+0000 INFO Route '/' called by 172.18.0.7
2025-07-29T18:53:46.202284+0000 INFO Route '/' called by 172.18.0.7
2025-07-29T18:54:46.206138+0000 INFO Route '/' called by 172.18.0.7
2025-07-29T18:55:46.206698+0000 INFO Route '/' called by 172.18.0.7
2025-07-29T18:56:46.213684+0000 INFO Route '/' called by 172.18.0.7
2025-07-29T18:57:46.224431+0000 INFO Route '/' called by 172.18.0.7
2025-07-29T18:58:46.228563+0000 INFO Route '/' called by 172.18.0.7
2025-07-29T18:59:46.234890+0000 INFO Route '/' called by 172.18.0.7
2025-07-29T19:00:46.237047+0000 INFO Route '/' called by 172.18.0.7
2025-07-29T19:01:46.244744+0000 INFO Route '/' called by 172.18.0.7
2025-07-29T19:02:46.247905+0000 INFO Route '/' called by 172.18.0.7
2025-07-29T19:03:46.259029+0000 INFO Route '/' called by 172.18.0.7
2025-07-29T19:04:46.272827+0000 INFO Route '/' called by 172.18.0.7
2025-07-29T19:05:46.295517+0000 INFO Route '/' called by 172.18.0.7
2025-07-29T19:06:46.315022+0000 INFO Route '/' called by 172.18.0.7
2025-07-29T19:07:46.320925+0000 INFO Route '/' called by 172.18.0.7
2025-07-29T19:08:46.325454+0000 INFO Route '/' called by 172.18.0.7
2025-07-29T19:09:46.329987+0000 INFO Route '/' called by 172.18.0.7
2025-07-29T19:10:46.339348+0000 INFO Route '/' called by 172.18.0.7
2025-07-29T19:11:46.347371+0000 INFO Route '/' called by 172.18.0.7
2025-07-29T19:12:46.352674+0000 INFO Route '/' called by 172.18.0.7
2025-07-29T19:13:46.356206+0000 INFO Route '/' called by 172.18.0.7
2025-07-29T19:14:46.362839+0000 INFO Route '/' called by 172.18.0.7
2025-07-29T19:15:46.367326+0000 INFO Route '/' called by 172.18.0.7
2025-07-29T19:16:46.391860+0000 INFO Route '/' called by 172.18.0.7
2025-07-29T19:17:46.404043+0000 INFO Route '/' called by 172.18.0.7
2025-07-29T19:18:46.408215+0000 INFO Route '/' called by 172.18.0.7
2025-07-29T19:19:46.412927+0000 INFO Route '/' called by 172.18.0.7
2025-07-29T19:20:46.417058+0000 INFO Route '/' called by 172.18.0.7
2025-07-29T19:21:46.431579+0000 INFO Route '/' called by 172.18.0.7
2025-07-29T19:22:46.445839+0000 INFO Route '/' called by 172.18.0.7
2025-07-29T19:23:46.450643+0000 INFO Route '/' called by 172.18.0.7
2025-07-29T19:24:46.453311+0000 INFO Route '/' called by 172.18.0.7
2025-07-29T19:25:46.460095+0000 INFO Route '/' called by 172.18.0.7
2025-07-29T19:26:46.475883+0000 INFO Route '/' called by 172.18.0.7
2025-07-29T19:27:46.483803+0000 INFO Route '/' called by 172.18.0.7
2025-07-29T19:28:46.489834+0000 INFO Route '/' called by 172.18.0.7
2025-07-29T19:29:46.498652+0000 INFO Route '/' called by 172.18.0.7
2025-07-29T19:30:46.512701+0000 INFO Route '/' called by 172.18.0.7
2025-07-29T19:31:46.539356+0000 INFO Route '/' called by 172.18.0.7
2025-07-29T19:32:46.544356+0000 INFO Route '/' called by 172.18.0.7
2025-07-29T19:33:46.552485+0000 INFO Route '/' called by 172.18.0.7
2025-07-29T19:34:46.571753+0000 INFO Route '/' called by 172.18.0.7
2025-07-29T19:35:46.580312+0000 INFO Route '/' called by 172.18.0.7
2025-07-29T19:36:46.589155+0000 INFO Route '/' called by 172.18.0.7
2025-07-29T19:37:46.606731+0000 INFO Route '/' called by 172.18.0.7
2025-07-29T19:38:46.628287+0000 INFO Route '/' called by 172.18.0.7
2025-07-29T19:39:46.632786+0000 INFO Route '/' called by 172.18.0.7
2025-07-29T19:40:46.637580+0000 INFO Route '/' called by 172.18.0.7
2025-07-29T19:41:46.653769+0000 INFO Route '/' called by 172.18.0.7
2025-07-29T19:42:46.656955+0000 INFO Route '/' called by 172.18.0.7
2025-07-29T19:43:46.662969+0000 INFO Route '/' called by 172.18.0.7
2025-07-29T19:44:46.670460+0000 INFO Route '/' called by 172.18.0.7
2025-07-29T19:45:46.684164+0000 INFO Route '/' called by 172.18.0.7
2025-07-29T19:46:46.695523+0000 INFO Route '/' called by 172.18.0.7
2025-07-29T19:47:46.705643+0000 INFO Route '/' called by 172.18.0.7
2025-07-29T19:48:46.714826+0000 INFO Route '/' called by 172.18.0.7
2025-07-29T19:49:46.726951+0000 INFO Route '/' called by 172.18.0.7
2025-07-29T19:50:46.736102+0000 INFO Route '/' called by 172.18.0.7
2025-07-29T19:51:46.744339+0000 INFO Route '/' called by 172.18.0.7
2025-07-29T19:52:46.756225+0000 INFO Route '/' called by 172.18.0.7
2025-07-29T19:53:46.780769+0000 INFO Route '/' called by 172.18.0.7
2025-07-29T19:54:46.799937+0000 INFO Route '/' called by 172.18.0.7
2025-07-29T19:55:46.804438+0000 INFO Route '/' called by 172.18.0.7
2025-07-29T19:56:46.815800+0000 INFO Route '/' called by 172.18.0.7
2025-07-29T19:57:46.830736+0000 INFO Route '/' called by 172.18.0.7
2025-07-29T19:58:46.852584+0000 INFO Route '/' called by 172.18.0.7
2025-07-29T19:59:46.870958+0000 INFO Route '/' called by 172.18.0.7
2025-07-29T20:00:46.891134+0000 INFO Route '/' called by 172.18.0.7
2025-07-29T20:01:46.908401+0000 INFO Route '/' called by 172.18.0.7
2025-07-29T20:02:46.915864+0000 INFO Route '/' called by 172.18.0.7
2025-07-29T20:03:46.933179+0000 INFO Route '/' called by 172.18.0.7
2025-07-29T20:04:46.951925+0000 INFO Route '/' called by 172.18.0.7
2025-07-29T20:05:46.973212+0000 INFO Route '/' called by 172.18.0.7
2025-07-29T20:06:46.981029+0000 INFO Route '/' called by 172.18.0.7
2025-07-29T20:07:46.985743+0000 INFO Route '/' called by 172.18.0.7
2025-07-29T20:08:46.990424+0000 INFO Route '/' called by 172.18.0.7
2025-07-29T20:09:46.995138+0000 INFO Route '/' called by 172.18.0.7
2025-07-29T20:10:46.998201+0000 INFO Route '/' called by 172.18.0.7
2025-07-29T20:11:47.011086+0000 INFO Route '/' called by 172.18.0.7
2025-07-29T20:12:47.021300+0000 INFO Route '/' called by 172.18.0.7
2025-07-29T20:13:47.036283+0000 INFO Route '/' called by 172.18.0.7
2025-07-29T20:14:47.054192+0000 INFO Route '/' called by 172.18.0.7
2025-07-29T20:15:47.066789+0000 INFO Route '/' called by 172.18.0.7
2025-07-29T20:16:47.087980+0000 INFO Route '/' called by 172.18.0.7
2025-07-29T20:17:47.103872+0000 INFO Route '/' called by 172.18.0.7
2025-07-29T20:18:47.108373+0000 INFO Route '/' called by 172.18.0.7
2025-07-29T20:19:47.113381+0000 INFO Route '/' called by 172.18.0.7
2025-07-29T20:20:47.128666+0000 INFO Route '/' called by 172.18.0.7
2025-07-29T20:21:47.144743+0000 INFO Route '/' called by 172.18.0.7
2025-07-29T20:22:47.150055+0000 INFO Route '/' called by 172.18.0.7
2025-07-29T20:23:47.161776+0000 INFO Route '/' called by 172.18.0.7
2025-07-29T20:24:47.176210+0000 INFO Route '/' called by 172.18.0.7
2025-07-29T20:25:47.178184+0000 INFO Route '/' called by 172.18.0.7
2025-07-29T20:26:47.200222+0000 INFO Route '/' called by 172.18.0.7
2025-07-29T20:27:47.210157+0000 INFO Route '/' called by 172.18.0.7
2025-07-29T20:28:47.217042+0000 INFO Route '/' called by 172.18.0.7
2025-07-29T20:29:47.227931+0000 INFO Route '/' called by 172.18.0.7
2025-07-29T20:30:47.247519+0000 INFO Route '/' called by 172.18.0.7
2025-07-29T20:31:47.275592+0000 INFO Route '/' called by 172.18.0.7
2025-07-29T20:32:47.298222+0000 INFO Route '/' called by 172.18.0.7
2025-07-29T20:33:47.308379+0000 INFO Route '/' called by 172.18.0.7
2025-07-29T20:34:47.316581+0000 INFO Route '/' called by 172.18.0.7
2025-07-29T20:35:47.329216+0000 INFO Route '/' called by 172.18.0.7
2025-07-29T20:36:47.343167+0000 INFO Route '/' called by 172.18.0.7
2025-07-29T20:37:47.345929+0000 INFO Route '/' called by 172.18.0.7
2025-07-29T20:38:47.359207+0000 INFO Route '/' called by 172.18.0.7
2025-07-29T20:39:47.379909+0000 INFO Route '/' called by 172.18.0.7
2025-07-29T20:40:47.389954+0000 INFO Route '/' called by 172.18.0.7
2025-07-29T20:41:47.401137+0000 INFO Route '/' called by 172.18.0.7
2025-07-29T20:42:47.410556+0000 INFO Route '/' called by 172.18.0.7
2025-07-29T20:43:47.412423+0000 INFO Route '/' called by 172.18.0.7
2025-07-29T20:44:47.417938+0000 INFO Route '/' called by 172.18.0.7
2025-07-29T20:45:47.432918+0000 INFO Route '/' called by 172.18.0.7
2025-07-29T20:46:47.441706+0000 INFO Route '/' called by 172.18.0.7
2025-07-29T20:47:47.443888+0000 INFO Route '/' called by 172.18.0.7
2025-07-29T20:48:47.445181+0000 INFO Route '/' called by 172.18.0.7
2025-07-29T20:49:47.455433+0000 INFO Route '/' called by 172.18.0.7
2025-07-29T20:50:47.467642+0000 INFO Route '/' called by 172.18.0.7
2025-07-29T20:51:47.472149+0000 INFO Route '/' called by 172.18.0.7
2025-07-29T20:52:47.474485+0000 INFO Route '/' called by 172.18.0.7
2025-07-29T20:53:47.477943+0000 INFO Route '/' called by 172.18.0.7
2025-07-29T20:54:47.478504+0000 INFO Route '/' called by 172.18.0.7
2025-07-29T20:55:47.483025+0000 INFO Route '/' called by 172.18.0.7
2025-07-29T20:56:47.493335+0000 INFO Route '/' called by 172.18.0.7
2025-07-29T20:57:47.503403+0000 INFO Route '/' called by 172.18.0.7
2025-07-29T20:58:47.520762+0000 INFO Route '/' called by 172.18.0.7
2025-07-29T20:59:47.535769+0000 INFO Route '/' called by 172.18.0.7
2025-07-29T21:00:47.558879+0000 INFO Route '/' called by 172.18.0.7
2025-07-29T21:01:47.573410+0000 INFO Route '/' called by 172.18.0.7
2025-07-29T21:02:47.580736+0000 INFO Route '/' called by 172.18.0.7
2025-07-29T21:03:47.589381+0000 INFO Route '/' called by 172.18.0.7
2025-07-29T21:04:47.608305+0000 INFO Route '/' called by 172.18.0.7
2025-07-29T21:05:47.624535+0000 INFO Route '/' called by 172.18.0.7
2025-07-29T21:06:47.632585+0000 INFO Route '/' called by 172.18.0.7
2025-07-29T21:07:47.648787+0000 INFO Route '/' called by 172.18.0.7
2025-07-29T21:08:47.663108+0000 INFO Route '/' called by 172.18.0.7
2025-07-29T21:09:47.666020+0000 INFO Route '/' called by 172.18.0.7
2025-07-29T21:10:47.683373+0000 INFO Route '/' called by 172.18.0.7
2025-07-29T21:11:47.710090+0000 INFO Route '/' called by 172.18.0.7
2025-07-29T21:12:47.723163+0000 INFO Route '/' called by 172.18.0.7
2025-07-29T21:13:47.731952+0000 INFO Route '/' called by 172.18.0.7
2025-07-29T21:14:47.738637+0000 INFO Route '/' called by 172.18.0.7
2025-07-29T21:15:47.757652+0000 INFO Route '/' called by 172.18.0.7
2025-07-29T21:16:47.778706+0000 INFO Route '/' called by 172.18.0.7
2025-07-29T21:17:47.795016+0000 INFO Route '/' called by 172.18.0.7
2025-07-29T21:18:47.816912+0000 INFO Route '/' called by 172.18.0.7
2025-07-29T21:19:47.842235+0000 INFO Route '/' called by 172.18.0.7
2025-07-29T21:20:47.866592+0000 INFO Route '/' called by 172.18.0.7
2025-07-29T21:21:47.883565+0000 INFO Route '/' called by 172.18.0.7
2025-07-29T21:22:47.884976+0000 INFO Route '/' called by 172.18.0.7
2025-07-29T21:23:47.890930+0000 INFO Route '/' called by 172.18.0.7
2025-07-29T21:24:47.906171+0000 INFO Route '/' called by 172.18.0.7
2025-07-29T21:25:47.925232+0000 INFO Route '/' called by 172.18.0.7
2025-07-29T21:26:47.945840+0000 INFO Route '/' called by 172.18.0.7
2025-07-29T21:27:47.982997+0000 INFO Route '/' called by 172.18.0.7
2025-07-29T21:28:47.996162+0000 INFO Route '/' called by 172.18.0.7
2025-07-29T21:29:48.000916+0000 INFO Route '/' called by 172.18.0.7
2025-07-29T21:30:48.006448+0000 INFO Route '/' called by 172.18.0.7
2025-07-29T21:31:48.014147+0000 INFO Route '/' called by 172.18.0.7
2025-07-29T21:32:48.025086+0000 INFO Route '/' called by 172.18.0.7
2025-07-29T21:33:48.041661+0000 INFO Route '/' called by 172.18.0.7
2025-07-29T21:34:48.055422+0000 INFO Route '/' called by 172.18.0.7
2025-07-29T21:35:48.071797+0000 INFO Route '/' called by 172.18.0.7
2025-07-29T21:36:48.084320+0000 INFO Route '/' called by 172.18.0.7
2025-07-29T21:37:48.105514+0000 INFO Route '/' called by 172.18.0.7
2025-07-29T21:38:48.121667+0000 INFO Route '/' called by 172.18.0.7
2025-07-29T21:39:48.127661+0000 INFO Route '/' called by 172.18.0.7
2025-07-29T21:40:48.132787+0000 INFO Route '/' called by 172.18.0.7
2025-07-29T21:41:48.147593+0000 INFO Route '/' called by 172.18.0.7
2025-07-29T21:42:48.159688+0000 INFO Route '/' called by 172.18.0.7
2025-07-29T21:43:48.176991+0000 INFO Route '/' called by 172.18.0.7
2025-07-29T21:44:48.195334+0000 INFO Route '/' called by 172.18.0.7
2025-07-29T21:45:48.228305+0000 INFO Route '/' called by 172.18.0.7
2025-07-29T21:46:48.250842+0000 INFO Route '/' called by 172.18.0.7
2025-07-29T21:47:48.257137+0000 INFO Route '/' called by 172.18.0.7
2025-07-29T21:48:48.276043+0000 INFO Route '/' called by 172.18.0.7
2025-07-29T21:49:48.302653+0000 INFO Route '/' called by 172.18.0.7
2025-07-29T21:50:48.318262+0000 INFO Route '/' called by 172.18.0.7
2025-07-29T21:51:48.337316+0000 INFO Route '/' called by 172.18.0.7
2025-07-29T21:52:48.367045+0000 INFO Route '/' called by 172.18.0.7
2025-07-29T21:53:48.381510+0000 INFO Route '/' called by 172.18.0.7
2025-07-29T21:54:48.394551+0000 INFO Route '/' called by 172.18.0.7
2025-07-29T21:55:48.411430+0000 INFO Route '/' called by 172.18.0.7
2025-07-29T21:56:48.420976+0000 INFO Route '/' called by 172.18.0.7
2025-07-29T21:57:48.424390+0000 INFO Route '/' called by 172.18.0.7
2025-07-29T21:58:48.437717+0000 INFO Route '/' called by 172.18.0.7
2025-07-29T21:59:48.452500+0000 INFO Route '/' called by 172.18.0.7
2025-07-29T22:00:48.466689+0000 INFO Route '/' called by 172.18.0.7
2025-07-29T22:01:48.504361+0000 INFO Route '/' called by 172.18.0.7
2025-07-29T22:02:48.527191+0000 INFO Route '/' called by 172.18.0.7
2025-07-29T22:03:48.534092+0000 INFO Route '/' called by 172.18.0.7
2025-07-29T22:04:48.542902+0000 INFO Route '/' called by 172.18.0.7
2025-07-29T22:05:48.548793+0000 INFO Route '/' called by 172.18.0.7
2025-07-29T22:06:48.560257+0000 INFO Route '/' called by 172.18.0.7
2025-07-29T22:07:48.577212+0000 INFO Route '/' called by 172.18.0.7
2025-07-29T22:08:48.592543+0000 INFO Route '/' called by 172.18.0.7
2025-07-29T22:09:48.602996+0000 INFO Route '/' called by 172.18.0.7
2025-07-29T22:10:48.615194+0000 INFO Route '/' called by 172.18.0.7
2025-07-29T22:11:48.629491+0000 INFO Route '/' called by 172.18.0.7
2025-07-29T22:12:48.632189+0000 INFO Route '/' called by 172.18.0.7
2025-07-29T22:13:48.635888+0000 INFO Route '/' called by 172.18.0.7
2025-07-29T22:14:48.639652+0000 INFO Route '/' called by 172.18.0.7
2025-07-29T22:15:48.643118+0000 INFO Route '/' called by 172.18.0.7
2025-07-29T22:16:48.652424+0000 INFO Route '/' called by 172.18.0.7
2025-07-29T22:17:48.654744+0000 INFO Route '/' called by 172.18.0.7
2025-07-29T22:18:48.662006+0000 INFO Route '/' called by 172.18.0.7
2025-07-29T22:19:48.665884+0000 INFO Route '/' called by 172.18.0.7
2025-07-29T22:20:48.672465+0000 INFO Route '/' called by 172.18.0.7
2025-07-29T22:21:48.681412+0000 INFO Route '/' called by 172.18.0.7
2025-07-29T22:22:48.685977+0000 INFO Route '/' called by 172.18.0.7
2025-07-29T22:23:48.692363+0000 INFO Route '/' called by 172.18.0.7
2025-07-29T22:24:48.696308+0000 INFO Route '/' called by 172.18.0.7
2025-07-29T22:25:48.708794+0000 INFO Route '/' called by 172.18.0.7
2025-07-29T22:26:48.740093+0000 INFO Route '/' called by 172.18.0.7
2025-07-29T22:27:48.758320+0000 INFO Route '/' called by 172.18.0.7
2025-07-29T22:28:48.768480+0000 INFO Route '/' called by 172.18.0.7
2025-07-29T22:29:48.770532+0000 INFO Route '/' called by 172.18.0.7
2025-07-29T22:30:48.773882+0000 INFO Route '/' called by 172.18.0.7
2025-07-29T22:31:48.778972+0000 INFO Route '/' called by 172.18.0.7
2025-07-29T22:32:48.783553+0000 INFO Route '/' called by 172.18.0.7
2025-07-29T22:33:48.785904+0000 INFO Route '/' called by 172.18.0.7
2025-07-29T22:34:48.787088+0000 INFO Route '/' called by 172.18.0.7
2025-07-29T22:35:48.789869+0000 INFO Route '/' called by 172.18.0.7
2025-07-29T22:36:48.795470+0000 INFO Route '/' called by 172.18.0.7
2025-07-29T22:37:48.798353+0000 INFO Route '/' called by 172.18.0.7
2025-07-29T22:38:48.800156+0000 INFO Route '/' called by 172.18.0.7
2025-07-29T22:39:48.800693+0000 INFO Route '/' called by 172.18.0.7
2025-07-29T22:40:48.810514+0000 INFO Route '/' called by 172.18.0.7
2025-07-29T22:41:48.824265+0000 INFO Route '/' called by 172.18.0.7
2025-07-29T22:42:48.832707+0000 INFO Route '/' called by 172.18.0.7
2025-07-29T22:43:48.844456+0000 INFO Route '/' called by 172.18.0.7
2025-07-29T22:44:48.856992+0000 INFO Route '/' called by 172.18.0.7
2025-07-29T22:45:48.860678+0000 INFO Route '/' called by 172.18.0.7
2025-07-29T22:46:48.867788+0000 INFO Route '/' called by 172.18.0.7
2025-07-29T22:47:48.869028+0000 INFO Route '/' called by 172.18.0.7
2025-07-29T22:48:48.871883+0000 INFO Route '/' called by 172.18.0.7
2025-07-29T22:49:48.878308+0000 INFO Route '/' called by 172.18.0.7
2025-07-29T22:50:48.885836+0000 INFO Route '/' called by 172.18.0.7
2025-07-29T22:51:48.895663+0000 INFO Route '/' called by 172.18.0.7
2025-07-29T22:52:48.902925+0000 INFO Route '/' called by 172.18.0.7
2025-07-29T22:53:48.906688+0000 INFO Route '/' called by 172.18.0.7
2025-07-29T22:54:48.908411+0000 INFO Route '/' called by 172.18.0.7
2025-07-29T22:55:48.912034+0000 INFO Route '/' called by 172.18.0.7
2025-07-29T22:56:48.919377+0000 INFO Route '/' called by 172.18.0.7
2025-07-29T22:57:48.923842+0000 INFO Route '/' called by 172.18.0.7
2025-07-29T22:58:48.925421+0000 INFO Route '/' called by 172.18.0.7
2025-07-29T22:59:48.931793+0000 INFO Route '/' called by 172.18.0.7
2025-07-29T23:00:48.934848+0000 INFO Route '/' called by 172.18.0.7
2025-07-29T23:01:48.941399+0000 INFO Route '/' called by 172.18.0.7
2025-07-29T23:02:48.949806+0000 INFO Route '/' called by 172.18.0.7
2025-07-29T23:03:48.958490+0000 INFO Route '/' called by 172.18.0.7
2025-07-29T23:04:48.963968+0000 INFO Route '/' called by 172.18.0.7
2025-07-29T23:05:48.968858+0000 INFO Route '/' called by 172.18.0.7
2025-07-29T23:06:48.977450+0000 INFO Route '/' called by 172.18.0.7
2025-07-29T23:07:48.982948+0000 INFO Route '/' called by 172.18.0.7
2025-07-29T23:08:48.994242+0000 INFO Route '/' called by 172.18.0.7
2025-07-29T23:09:49.008427+0000 INFO Route '/' called by 172.18.0.7
2025-07-29T23:10:49.022871+0000 INFO Route '/' called by 172.18.0.7
2025-07-29T23:11:49.036766+0000 INFO Route '/' called by 172.18.0.7
2025-07-29T23:12:49.047840+0000 INFO Route '/' called by 172.18.0.7
2025-07-29T23:13:49.051646+0000 INFO Route '/' called by 172.18.0.7
2025-07-29T23:14:49.059329+0000 INFO Route '/' called by 172.18.0.7
2025-07-29T23:15:49.064458+0000 INFO Route '/' called by 172.18.0.7
2025-07-29T23:16:49.075039+0000 INFO Route '/' called by 172.18.0.7
2025-07-29T23:17:49.082112+0000 INFO Route '/' called by 172.18.0.7
2025-07-29T23:18:49.091967+0000 INFO Route '/' called by 172.18.0.7
2025-07-29T23:19:49.108195+0000 INFO Route '/' called by 172.18.0.7
2025-07-29T23:20:49.113449+0000 INFO Route '/' called by 172.18.0.7
2025-07-29T23:21:49.121733+0000 INFO Route '/' called by 172.18.0.7
2025-07-29T23:22:49.125826+0000 INFO Route '/' called by 172.18.0.7
2025-07-29T23:23:49.130523+0000 INFO Route '/' called by 172.18.0.7
2025-07-29T23:24:49.134215+0000 INFO Route '/' called by 172.18.0.7
2025-07-29T23:25:49.137443+0000 INFO Route '/' called by 172.18.0.7
2025-07-29T23:26:49.145038+0000 INFO Route '/' called by 172.18.0.7
2025-07-29T23:27:49.148940+0000 INFO Route '/' called by 172.18.0.7
2025-07-29T23:28:49.154055+0000 INFO Route '/' called by 172.18.0.7
2025-07-29T23:29:49.160430+0000 INFO Route '/' called by 172.18.0.7
2025-07-29T23:30:49.164263+0000 INFO Route '/' called by 172.18.0.7
2025-07-29T23:31:49.175835+0000 INFO Route '/' called by 172.18.0.7
2025-07-29T23:32:49.190699+0000 INFO Route '/' called by 172.18.0.7
2025-07-29T23:33:49.197499+0000 INFO Route '/' called by 172.18.0.7
2025-07-29T23:34:49.218352+0000 INFO Route '/' called by 172.18.0.7
2025-07-29T23:35:49.239076+0000 INFO Route '/' called by 172.18.0.7
2025-07-29T23:36:49.260534+0000 INFO Route '/' called by 172.18.0.7
2025-07-29T23:37:49.277850+0000 INFO Route '/' called by 172.18.0.7
2025-07-29T23:38:49.295679+0000 INFO Route '/' called by 172.18.0.7
2025-07-29T23:39:49.312754+0000 INFO Route '/' called by 172.18.0.7
2025-07-29T23:40:49.323821+0000 INFO Route '/' called by 172.18.0.7
2025-07-29T23:41:49.345265+0000 INFO Route '/' called by 172.18.0.7
2025-07-29T23:42:49.358361+0000 INFO Route '/' called by 172.18.0.7
2025-07-29T23:43:49.361091+0000 INFO Route '/' called by 172.18.0.7
2025-07-29T23:44:49.369545+0000 INFO Route '/' called by 172.18.0.7
2025-07-29T23:45:49.391309+0000 INFO Route '/' called by 172.18.0.7
2025-07-29T23:46:49.409886+0000 INFO Route '/' called by 172.18.0.7
2025-07-29T23:47:49.414210+0000 INFO Route '/' called by 172.18.0.7
2025-07-29T23:48:49.417151+0000 INFO Route '/' called by 172.18.0.7
2025-07-29T23:49:49.420320+0000 INFO Route '/' called by 172.18.0.7
2025-07-29T23:50:49.422508+0000 INFO Route '/' called by 172.18.0.7
2025-07-29T23:51:49.437344+0000 INFO Route '/' called by 172.18.0.7
2025-07-29T23:52:49.443311+0000 INFO Route '/' called by 172.18.0.7
2025-07-29T23:53:49.455572+0000 INFO Route '/' called by 172.18.0.7
2025-07-29T23:54:49.471008+0000 INFO Route '/' called by 172.18.0.7
2025-07-29T23:55:49.477257+0000 INFO Route '/' called by 172.18.0.7
2025-07-29T23:56:49.485897+0000 INFO Route '/' called by 172.18.0.7
2025-07-29T23:57:49.499385+0000 INFO Route '/' called by 172.18.0.7
2025-07-29T23:58:49.502653+0000 INFO Route '/' called by 172.18.0.7
2025-07-29T23:59:49.506817+0000 INFO Route '/' called by 172.18.0.7
2025-07-30T00:00:49.511083+0000 INFO Route '/' called by 172.18.0.7
2025-07-30T00:01:49.518254+0000 INFO Route '/' called by 172.18.0.7
2025-07-30T00:02:49.523852+0000 INFO Route '/' called by 172.18.0.7
2025-07-30T00:03:49.529944+0000 INFO Route '/' called by 172.18.0.7
2025-07-30T00:04:49.537318+0000 INFO Route '/' called by 172.18.0.7
2025-07-30T00:05:49.544551+0000 INFO Route '/' called by 172.18.0.7
2025-07-30T00:06:49.567825+0000 INFO Route '/' called by 172.18.0.7
2025-07-30T00:07:49.573452+0000 INFO Route '/' called by 172.18.0.7
2025-07-30T00:08:49.578815+0000 INFO Route '/' called by 172.18.0.7
2025-07-30T00:09:49.582872+0000 INFO Route '/' called by 172.18.0.7
2025-07-30T00:10:49.595421+0000 INFO Route '/' called by 172.18.0.7
2025-07-30T00:11:49.610914+0000 INFO Route '/' called by 172.18.0.7
2025-07-30T00:12:49.613464+0000 INFO Route '/' called by 172.18.0.7
2025-07-30T00:13:49.615619+0000 INFO Route '/' called by 172.18.0.7
2025-07-30T00:14:49.619947+0000 INFO Route '/' called by 172.18.0.7
2025-07-30T00:15:49.624027+0000 INFO Route '/' called by 172.18.0.7
2025-07-30T00:16:49.630657+0000 INFO Route '/' called by 172.18.0.7
2025-07-30T00:17:49.636868+0000 INFO Route '/' called by 172.18.0.7
2025-07-30T00:18:49.638293+0000 INFO Route '/' called by 172.18.0.7
2025-07-30T00:19:49.644522+0000 INFO Route '/' called by 172.18.0.7
2025-07-30T00:20:49.647746+0000 INFO Route '/' called by 172.18.0.7
2025-07-30T00:21:49.666765+0000 INFO Route '/' called by 172.18.0.7
2025-07-30T00:22:49.685834+0000 INFO Route '/' called by 172.18.0.7
2025-07-30T00:23:49.690259+0000 INFO Route '/' called by 172.18.0.7
2025-07-30T00:24:49.703012+0000 INFO Route '/' called by 172.18.0.7
2025-07-30T00:25:49.710372+0000 INFO Route '/' called by 172.18.0.7
2025-07-30T00:26:49.724166+0000 INFO Route '/' called by 172.18.0.7
2025-07-30T00:27:49.728055+0000 INFO Route '/' called by 172.18.0.7
2025-07-30T00:28:49.729891+0000 INFO Route '/' called by 172.18.0.7
2025-07-30T00:29:49.734869+0000 INFO Route '/' called by 172.18.0.7
2025-07-30T00:30:49.748093+0000 INFO Route '/' called by 172.18.0.7
2025-07-30T00:31:49.760300+0000 INFO Route '/' called by 172.18.0.7
2025-07-30T00:32:49.762853+0000 INFO Route '/' called by 172.18.0.7
2025-07-30T00:33:49.764121+0000 INFO Route '/' called by 172.18.0.7
2025-07-30T00:34:49.777414+0000 INFO Route '/' called by 172.18.0.7
2025-07-30T00:35:49.804267+0000 INFO Route '/' called by 172.18.0.7
2025-07-30T00:36:49.817695+0000 INFO Route '/' called by 172.18.0.7
2025-07-30T00:37:49.834897+0000 INFO Route '/' called by 172.18.0.7
2025-07-30T00:38:49.844270+0000 INFO Route '/' called by 172.18.0.7
2025-07-30T00:39:49.866053+0000 INFO Route '/' called by 172.18.0.7
2025-07-30T00:40:49.892871+0000 INFO Route '/' called by 172.18.0.7
2025-07-30T00:41:49.917723+0000 INFO Route '/' called by 172.18.0.7
2025-07-30T00:42:49.926833+0000 INFO Route '/' called by 172.18.0.7
2025-07-30T00:43:49.931487+0000 INFO Route '/' called by 172.18.0.7
2025-07-30T00:44:49.935753+0000 INFO Route '/' called by 172.18.0.7
2025-07-30T00:45:49.943476+0000 INFO Route '/' called by 172.18.0.7
2025-07-30T00:46:49.953410+0000 INFO Route '/' called by 172.18.0.7
2025-07-30T00:47:49.961652+0000 INFO Route '/' called by 172.18.0.7
2025-07-30T00:48:49.982403+0000 INFO Route '/' called by 172.18.0.7
2025-07-30T00:49:49.995040+0000 INFO Route '/' called by 172.18.0.7
2025-07-30T00:50:49.999582+0000 INFO Route '/' called by 172.18.0.7
2025-07-30T00:51:50.006723+0000 INFO Route '/' called by 172.18.0.7
2025-07-30T00:52:50.016168+0000 INFO Route '/' called by 172.18.0.7
2025-07-30T00:53:50.030892+0000 INFO Route '/' called by 172.18.0.7
2025-07-30T00:54:50.041452+0000 INFO Route '/' called by 172.18.0.7
2025-07-30T00:55:50.047331+0000 INFO Route '/' called by 172.18.0.7
2025-07-30T00:56:50.057324+0000 INFO Route '/' called by 172.18.0.7
2025-07-30T00:57:50.062762+0000 INFO Route '/' called by 172.18.0.7
2025-07-30T00:58:50.070519+0000 INFO Route '/' called by 172.18.0.7
2025-07-30T00:59:50.083632+0000 INFO Route '/' called by 172.18.0.7
2025-07-30T01:00:50.101210+0000 INFO Route '/' called by 172.18.0.7
2025-07-30T01:01:50.108015+0000 INFO Route '/' called by 172.18.0.7
2025-07-30T01:02:50.111620+0000 INFO Route '/' called by 172.18.0.7
2025-07-30T01:03:50.115257+0000 INFO Route '/' called by 172.18.0.7
2025-07-30T01:04:50.118971+0000 INFO Route '/' called by 172.18.0.7
2025-07-30T01:05:50.128226+0000 INFO Route '/' called by 172.18.0.7
2025-07-30T01:06:50.156041+0000 INFO Route '/' called by 172.18.0.7
2025-07-30T01:07:50.166159+0000 INFO Route '/' called by 172.18.0.7
2025-07-30T01:08:50.178866+0000 INFO Route '/' called by 172.18.0.7
2025-07-30T01:09:50.200586+0000 INFO Route '/' called by 172.18.0.7
2025-07-30T01:10:50.206469+0000 INFO Route '/' called by 172.18.0.7
2025-07-30T01:11:50.218989+0000 INFO Route '/' called by 172.18.0.7
2025-07-30T01:12:50.225193+0000 INFO Route '/' called by 172.18.0.7
2025-07-30T01:13:50.230184+0000 INFO Route '/' called by 172.18.0.7
2025-07-30T01:14:50.235557+0000 INFO Route '/' called by 172.18.0.7
2025-07-30T01:15:50.241138+0000 INFO Route '/' called by 172.18.0.7
2025-07-30T01:16:50.253791+0000 INFO Route '/' called by 172.18.0.7
2025-07-30T01:17:50.258047+0000 INFO Route '/' called by 172.18.0.7
2025-07-30T01:18:50.264063+0000 INFO Route '/' called by 172.18.0.7
2025-07-30T01:19:50.266806+0000 INFO Route '/' called by 172.18.0.7
2025-07-30T01:20:50.272809+0000 INFO Route '/' called by 172.18.0.7
2025-07-30T01:21:50.294254+0000 INFO Route '/' called by 172.18.0.7
2025-07-30T01:22:50.306821+0000 INFO Route '/' called by 172.18.0.7
2025-07-30T01:23:50.324360+0000 INFO Route '/' called by 172.18.0.7
2025-07-30T01:24:50.338518+0000 INFO Route '/' called by 172.18.0.7
2025-07-30T01:25:50.339894+0000 INFO Route '/' called by 172.18.0.7
2025-07-30T01:26:50.356096+0000 INFO Route '/' called by 172.18.0.7
2025-07-30T01:27:50.381172+0000 INFO Route '/' called by 172.18.0.7
2025-07-30T01:28:50.392093+0000 INFO Route '/' called by 172.18.0.7
2025-07-30T01:29:50.407435+0000 INFO Route '/' called by 172.18.0.7
2025-07-30T01:30:50.434907+0000 INFO Route '/' called by 172.18.0.7
2025-07-30T01:31:50.467574+0000 INFO Route '/' called by 172.18.0.7
2025-07-30T01:32:50.479787+0000 INFO Route '/' called by 172.18.0.7
2025-07-30T01:33:50.484465+0000 INFO Route '/' called by 172.18.0.7
2025-07-30T01:34:50.494101+0000 INFO Route '/' called by 172.18.0.7
2025-07-30T01:35:50.507525+0000 INFO Route '/' called by 172.18.0.7
2025-07-30T01:36:50.520853+0000 INFO Route '/' called by 172.18.0.7
2025-07-30T01:37:50.526904+0000 INFO Route '/' called by 172.18.0.7
2025-07-30T01:38:50.533024+0000 INFO Route '/' called by 172.18.0.7
2025-07-30T01:39:50.539128+0000 INFO Route '/' called by 172.18.0.7
2025-07-30T01:40:50.543803+0000 INFO Route '/' called by 172.18.0.7
2025-07-30T01:41:50.554756+0000 INFO Route '/' called by 172.18.0.7
2025-07-30T01:42:50.562877+0000 INFO Route '/' called by 172.18.0.7
2025-07-30T01:43:50.579652+0000 INFO Route '/' called by 172.18.0.7
2025-07-30T01:44:50.596056+0000 INFO Route '/' called by 172.18.0.7
2025-07-30T01:45:50.601349+0000 INFO Route '/' called by 172.18.0.7
2025-07-30T01:46:50.619313+0000 INFO Route '/' called by 172.18.0.7
2025-07-30T01:47:50.648993+0000 INFO Route '/' called by 172.18.0.7
2025-07-30T01:48:50.664646+0000 INFO Route '/' called by 172.18.0.7
2025-07-30T01:49:50.689207+0000 INFO Route '/' called by 172.18.0.7
2025-07-30T01:50:50.709378+0000 INFO Route '/' called by 172.18.0.7
2025-07-30T01:51:50.722828+0000 INFO Route '/' called by 172.18.0.7
2025-07-30T01:52:50.735469+0000 INFO Route '/' called by 172.18.0.7
2025-07-30T01:53:50.752144+0000 INFO Route '/' called by 172.18.0.7
2025-07-30T01:54:50.763496+0000 INFO Route '/' called by 172.18.0.7
2025-07-30T01:55:50.768323+0000 INFO Route '/' called by 172.18.0.7
2025-07-30T01:56:50.778490+0000 INFO Route '/' called by 172.18.0.7
2025-07-30T01:57:50.782857+0000 INFO Route '/' called by 172.18.0.7
2025-07-30T01:58:50.796823+0000 INFO Route '/' called by 172.18.0.7
2025-07-30T01:59:50.816283+0000 INFO Route '/' called by 172.18.0.7
2025-07-30T02:00:50.823802+0000 INFO Route '/' called by 172.18.0.7
2025-07-30T02:01:50.830098+0000 INFO Route '/' called by 172.18.0.7
2025-07-30T02:02:50.842877+0000 INFO Route '/' called by 172.18.0.7
2025-07-30T02:03:50.859288+0000 INFO Route '/' called by 172.18.0.7
2025-07-30T02:04:50.863732+0000 INFO Route '/' called by 172.18.0.7
2025-07-30T02:05:50.877932+0000 INFO Route '/' called by 172.18.0.7
2025-07-30T02:06:50.895594+0000 INFO Route '/' called by 172.18.0.7
2025-07-30T02:07:50.901054+0000 INFO Route '/' called by 172.18.0.7
2025-07-30T02:08:50.921517+0000 INFO Route '/' called by 172.18.0.7
2025-07-30T02:09:50.939314+0000 INFO Route '/' called by 172.18.0.7
2025-07-30T02:10:50.943519+0000 INFO Route '/' called by 172.18.0.7
2025-07-30T02:11:50.956015+0000 INFO Route '/' called by 172.18.0.7
2025-07-30T02:12:50.964725+0000 INFO Route '/' called by 172.18.0.7
2025-07-30T02:13:50.970140+0000 INFO Route '/' called by 172.18.0.7
2025-07-30T02:14:50.974512+0000 INFO Route '/' called by 172.18.0.7
2025-07-30T02:15:50.977607+0000 INFO Route '/' called by 172.18.0.7
2025-07-30T02:16:50.994427+0000 INFO Route '/' called by 172.18.0.7
2025-07-30T02:17:51.003107+0000 INFO Route '/' called by 172.18.0.7
2025-07-30T02:18:51.007833+0000 INFO Route '/' called by 172.18.0.7
2025-07-30T02:19:51.024310+0000 INFO Route '/' called by 172.18.0.7
2025-07-30T02:20:51.036327+0000 INFO Route '/' called by 172.18.0.7
2025-07-30T02:21:51.045160+0000 INFO Route '/' called by 172.18.0.7
2025-07-30T02:22:51.050711+0000 INFO Route '/' called by 172.18.0.7
2025-07-30T02:23:51.056323+0000 INFO Route '/' called by 172.18.0.7
2025-07-30T02:24:51.060411+0000 INFO Route '/' called by 172.18.0.7
2025-07-30T02:25:51.065365+0000 INFO Route '/' called by 172.18.0.7
2025-07-30T02:26:51.074284+0000 INFO Route '/' called by 172.18.0.7
2025-07-30T02:27:51.078262+0000 INFO Route '/' called by 172.18.0.7
2025-07-30T02:28:51.082479+0000 INFO Route '/' called by 172.18.0.7
2025-07-30T02:29:51.093784+0000 INFO Route '/' called by 172.18.0.7
2025-07-30T02:30:51.104910+0000 INFO Route '/' called by 172.18.0.7
2025-07-30T02:31:51.123956+0000 INFO Route '/' called by 172.18.0.7
2025-07-30T02:32:51.136546+0000 INFO Route '/' called by 172.18.0.7
2025-07-30T02:33:51.146236+0000 INFO Route '/' called by 172.18.0.7
2025-07-30T02:34:51.161860+0000 INFO Route '/' called by 172.18.0.7
2025-07-30T02:35:51.172601+0000 INFO Route '/' called by 172.18.0.7
2025-07-30T02:36:51.185844+0000 INFO Route '/' called by 172.18.0.7
2025-07-30T02:37:51.192585+0000 INFO Route '/' called by 172.18.0.7
2025-07-30T02:38:51.202488+0000 INFO Route '/' called by 172.18.0.7
2025-07-30T02:39:51.224942+0000 INFO Route '/' called by 172.18.0.7
2025-07-30T02:40:51.246528+0000 INFO Route '/' called by 172.18.0.7
2025-07-30T02:41:51.265685+0000 INFO Route '/' called by 172.18.0.7
2025-07-30T02:42:51.281714+0000 INFO Route '/' called by 172.18.0.7
2025-07-30T02:43:51.312716+0000 INFO Route '/' called by 172.18.0.7
2025-07-30T02:44:51.319785+0000 INFO Route '/' called by 172.18.0.7
2025-07-30T02:45:51.333910+0000 INFO Route '/' called by 172.18.0.7
2025-07-30T02:46:51.368871+0000 INFO Route '/' called by 172.18.0.7
2025-07-30T02:47:51.388086+0000 INFO Route '/' called by 172.18.0.7
2025-07-30T02:48:51.404979+0000 INFO Route '/' called by 172.18.0.7
2025-07-30T02:49:51.414713+0000 INFO Route '/' called by 172.18.0.7
2025-07-30T02:50:51.423936+0000 INFO Route '/' called by 172.18.0.7
2025-07-30T02:51:51.433348+0000 INFO Route '/' called by 172.18.0.7
2025-07-30T02:52:51.440711+0000 INFO Route '/' called by 172.18.0.7
2025-07-30T02:53:51.456040+0000 INFO Route '/' called by 172.18.0.7
2025-07-30T02:54:51.469358+0000 INFO Route '/' called by 172.18.0.7
2025-07-30T02:55:51.476708+0000 INFO Route '/' called by 172.18.0.7
2025-07-30T02:56:51.485410+0000 INFO Route '/' called by 172.18.0.7
2025-07-30T02:57:51.493917+0000 INFO Route '/' called by 172.18.0.7
2025-07-30T02:58:51.499078+0000 INFO Route '/' called by 172.18.0.7
2025-07-30T02:59:51.504972+0000 INFO Route '/' called by 172.18.0.7
2025-07-30T03:00:51.509503+0000 INFO Route '/' called by 172.18.0.7
2025-07-30T03:01:51.519032+0000 INFO Route '/' called by 172.18.0.7
2025-07-30T03:02:51.525865+0000 INFO Route '/' called by 172.18.0.7
2025-07-30T03:03:51.530983+0000 INFO Route '/' called by 172.18.0.7
2025-07-30T03:04:51.547981+0000 INFO Route '/' called by 172.18.0.7
2025-07-30T03:05:51.565260+0000 INFO Route '/' called by 172.18.0.7
2025-07-30T03:06:51.574714+0000 INFO Route '/' called by 172.18.0.7
2025-07-30T03:07:51.581520+0000 INFO Route '/' called by 172.18.0.7
2025-07-30T03:08:51.588004+0000 INFO Route '/' called by 172.18.0.7
2025-07-30T03:09:51.593399+0000 INFO Route '/' called by 172.18.0.7
2025-07-30T03:10:51.601287+0000 INFO Route '/' called by 172.18.0.7
2025-07-30T03:11:51.611615+0000 INFO Route '/' called by 172.18.0.7
2025-07-30T03:12:51.629280+0000 INFO Route '/' called by 172.18.0.7
2025-07-30T03:13:51.634434+0000 INFO Route '/' called by 172.18.0.7
2025-07-30T03:14:51.640713+0000 INFO Route '/' called by 172.18.0.7
2025-07-30T03:15:51.646166+0000 INFO Route '/' called by 172.18.0.7
2025-07-30T03:16:51.656902+0000 INFO Route '/' called by 172.18.0.7
2025-07-30T03:17:51.661189+0000 INFO Route '/' called by 172.18.0.7
2025-07-30T03:18:51.667155+0000 INFO Route '/' called by 172.18.0.7
2025-07-30T03:19:51.684390+0000 INFO Route '/' called by 172.18.0.7
2025-07-30T03:20:51.708032+0000 INFO Route '/' called by 172.18.0.7
2025-07-30T03:21:51.717831+0000 INFO Route '/' called by 172.18.0.7
2025-07-30T03:22:51.730456+0000 INFO Route '/' called by 172.18.0.7
2025-07-30T03:23:51.743305+0000 INFO Route '/' called by 172.18.0.7
2025-07-30T03:24:51.756628+0000 INFO Route '/' called by 172.18.0.7
2025-07-30T03:25:51.759568+0000 INFO Route '/' called by 172.18.0.7
2025-07-30T03:26:51.764073+0000 INFO Route '/' called by 172.18.0.7
2025-07-30T03:27:51.770719+0000 INFO Route '/' called by 172.18.0.7
2025-07-30T03:28:51.782379+0000 INFO Route '/' called by 172.18.0.7
2025-07-30T03:29:51.785267+0000 INFO Route '/' called by 172.18.0.7
2025-07-30T03:30:51.789304+0000 INFO Route '/' called by 172.18.0.7
2025-07-30T03:31:51.799145+0000 INFO Route '/' called by 172.18.0.7
2025-07-30T03:32:51.808882+0000 INFO Route '/' called by 172.18.0.7
2025-07-30T03:33:51.816365+0000 INFO Route '/' called by 172.18.0.7
2025-07-30T03:34:51.818487+0000 INFO Route '/' called by 172.18.0.7
2025-07-30T03:35:51.826747+0000 INFO Route '/' called by 172.18.0.7
2025-07-30T03:36:51.856671+0000 INFO Route '/' called by 172.18.0.7
2025-07-30T03:37:51.872059+0000 INFO Route '/' called by 172.18.0.7
2025-07-30T03:38:51.885772+0000 INFO Route '/' called by 172.18.0.7
2025-07-30T03:39:51.894099+0000 INFO Route '/' called by 172.18.0.7
2025-07-30T03:40:51.896660+0000 INFO Route '/' called by 172.18.0.7
2025-07-30T03:41:51.905627+0000 INFO Route '/' called by 172.18.0.7
2025-07-30T03:42:51.910888+0000 INFO Route '/' called by 172.18.0.7
2025-07-30T03:43:51.917818+0000 INFO Route '/' called by 172.18.0.7
2025-07-30T03:44:51.920500+0000 INFO Route '/' called by 172.18.0.7
2025-07-30T03:45:51.935515+0000 INFO Route '/' called by 172.18.0.7
2025-07-30T03:46:51.955800+0000 INFO Route '/' called by 172.18.0.7
2025-07-30T03:47:51.971673+0000 INFO Route '/' called by 172.18.0.7
2025-07-30T03:48:51.989487+0000 INFO Route '/' called by 172.18.0.7
2025-07-30T03:49:51.996642+0000 INFO Route '/' called by 172.18.0.7
2025-07-30T03:50:51.999800+0000 INFO Route '/' called by 172.18.0.7
2025-07-30T03:51:52.008562+0000 INFO Route '/' called by 172.18.0.7
2025-07-30T03:52:52.015748+0000 INFO Route '/' called by 172.18.0.7
2025-07-30T03:53:52.030480+0000 INFO Route '/' called by 172.18.0.7
2025-07-30T03:54:52.041707+0000 INFO Route '/' called by 172.18.0.7
2025-07-30T03:55:52.058419+0000 INFO Route '/' called by 172.18.0.7
2025-07-30T03:56:52.085399+0000 INFO Route '/' called by 172.18.0.7
2025-07-30T03:57:52.116938+0000 INFO Route '/' called by 172.18.0.7
2025-07-30T03:58:52.134418+0000 INFO Route '/' called by 172.18.0.7
2025-07-30T03:59:52.150835+0000 INFO Route '/' called by 172.18.0.7
2025-07-30T04:00:52.159831+0000 INFO Route '/' called by 172.18.0.7
2025-07-30T04:01:52.179370+0000 INFO Route '/' called by 172.18.0.7
2025-07-30T04:02:52.196032+0000 INFO Route '/' called by 172.18.0.7
2025-07-30T04:03:52.222636+0000 INFO Route '/' called by 172.18.0.7
2025-07-30T04:04:52.241239+0000 INFO Route '/' called by 172.18.0.7
2025-07-30T04:05:52.249409+0000 INFO Route '/' called by 172.18.0.7
2025-07-30T04:06:52.258024+0000 INFO Route '/' called by 172.18.0.7
2025-07-30T04:07:52.265059+0000 INFO Route '/' called by 172.18.0.7
2025-07-30T04:08:52.276474+0000 INFO Route '/' called by 172.18.0.7
2025-07-30T04:09:52.279404+0000 INFO Route '/' called by 172.18.0.7
2025-07-30T04:10:52.290563+0000 INFO Route '/' called by 172.18.0.7
2025-07-30T04:11:52.295999+0000 INFO Route '/' called by 172.18.0.7
2025-07-30T04:12:52.301324+0000 INFO Route '/' called by 172.18.0.7
2025-07-30T04:13:52.308797+0000 INFO Route '/' called by 172.18.0.7
2025-07-30T04:14:52.311546+0000 INFO Route '/' called by 172.18.0.7
2025-07-30T04:15:52.328424+0000 INFO Route '/' called by 172.18.0.7
2025-07-30T04:16:52.346765+0000 INFO Route '/' called by 172.18.0.7
2025-07-30T04:17:52.359382+0000 INFO Route '/' called by 172.18.0.7
2025-07-30T04:18:52.381652+0000 INFO Route '/' called by 172.18.0.7
2025-07-30T04:19:52.397299+0000 INFO Route '/' called by 172.18.0.7
2025-07-30T04:20:52.408545+0000 INFO Route '/' called by 172.18.0.7
2025-07-30T04:21:52.419282+0000 INFO Route '/' called by 172.18.0.7
2025-07-30T04:22:52.426840+0000 INFO Route '/' called by 172.18.0.7
2025-07-30T04:23:52.444121+0000 INFO Route '/' called by 172.18.0.7
2025-07-30T04:24:52.462055+0000 INFO Route '/' called by 172.18.0.7
2025-07-30T04:25:52.479174+0000 INFO Route '/' called by 172.18.0.7
2025-07-30T04:26:52.499287+0000 INFO Route '/' called by 172.18.0.7
2025-07-30T04:27:52.504506+0000 INFO Route '/' called by 172.18.0.7
2025-07-30T04:28:52.512332+0000 INFO Route '/' called by 172.18.0.7
2025-07-30T04:29:52.516469+0000 INFO Route '/' called by 172.18.0.7
2025-07-30T04:30:52.520769+0000 INFO Route '/' called by 172.18.0.7
2025-07-30T04:31:52.535818+0000 INFO Route '/' called by 172.18.0.7
2025-07-30T04:32:52.547030+0000 INFO Route '/' called by 172.18.0.7
2025-07-30T04:33:52.551847+0000 INFO Route '/' called by 172.18.0.7
2025-07-30T04:34:52.556144+0000 INFO Route '/' called by 172.18.0.7
2025-07-30T04:35:52.560451+0000 INFO Route '/' called by 172.18.0.7
2025-07-30T04:36:52.572351+0000 INFO Route '/' called by 172.18.0.7
2025-07-30T04:37:52.577547+0000 INFO Route '/' called by 172.18.0.7
2025-07-30T04:38:52.587748+0000 INFO Route '/' called by 172.18.0.7
2025-07-30T04:39:52.594165+0000 INFO Route '/' called by 172.18.0.7
2025-07-30T04:40:52.596177+0000 INFO Route '/' called by 172.18.0.7
2025-07-30T04:41:52.605555+0000 INFO Route '/' called by 172.18.0.7
2025-07-30T04:42:52.618648+0000 INFO Route '/' called by 172.18.0.7
2025-07-30T04:43:52.627740+0000 INFO Route '/' called by 172.18.0.7
2025-07-30T04:44:52.632700+0000 INFO Route '/' called by 172.18.0.7
2025-07-30T04:45:52.641478+0000 INFO Route '/' called by 172.18.0.7
2025-07-30T04:46:52.650901+0000 INFO Route '/' called by 172.18.0.7
2025-07-30T04:47:52.665730+0000 INFO Route '/' called by 172.18.0.7
2025-07-30T04:48:52.682889+0000 INFO Route '/' called by 172.18.0.7
2025-07-30T04:49:52.697022+0000 INFO Route '/' called by 172.18.0.7
2025-07-30T04:50:52.724458+0000 INFO Route '/' called by 172.18.0.7
2025-07-30T04:51:52.754697+0000 INFO Route '/' called by 172.18.0.7
2025-07-30T04:52:52.768572+0000 INFO Route '/' called by 172.18.0.7
2025-07-30T04:53:52.781513+0000 INFO Route '/' called by 172.18.0.7
2025-07-30T04:54:52.799503+0000 INFO Route '/' called by 172.18.0.7
2025-07-30T04:55:52.820605+0000 INFO Route '/' called by 172.18.0.7
2025-07-30T04:56:52.838996+0000 INFO Route '/' called by 172.18.0.7
2025-07-30T04:57:52.844346+0000 INFO Route '/' called by 172.18.0.7
2025-07-30T04:58:52.852625+0000 INFO Route '/' called by 172.18.0.7
2025-07-30T04:59:52.864679+0000 INFO Route '/' called by 172.18.0.7
2025-07-30T05:00:52.872995+0000 INFO Route '/' called by 172.18.0.7
2025-07-30T05:01:52.883310+0000 INFO Route '/' called by 172.18.0.7
2025-07-30T05:02:52.890516+0000 INFO Route '/' called by 172.18.0.7
2025-07-30T05:03:52.897155+0000 INFO Route '/' called by 172.18.0.7
2025-07-30T05:04:52.900121+0000 INFO Route '/' called by 172.18.0.7
2025-07-30T05:05:52.903427+0000 INFO Route '/' called by 172.18.0.7
2025-07-30T05:06:52.913535+0000 INFO Route '/' called by 172.18.0.7
2025-07-30T05:07:52.928473+0000 INFO Route '/' called by 172.18.0.7
2025-07-30T05:08:52.935304+0000 INFO Route '/' called by 172.18.0.7
2025-07-30T05:09:52.938152+0000 INFO Route '/' called by 172.18.0.7
2025-07-30T05:10:52.950709+0000 INFO Route '/' called by 172.18.0.7
2025-07-30T05:11:52.969984+0000 INFO Route '/' called by 172.18.0.7
2025-07-30T05:12:52.984109+0000 INFO Route '/' called by 172.18.0.7
2025-07-30T05:13:53.001405+0000 INFO Route '/' called by 172.18.0.7
2025-07-30T05:14:53.016631+0000 INFO Route '/' called by 172.18.0.7
2025-07-30T05:15:53.022194+0000 INFO Route '/' called by 172.18.0.7
2025-07-30T05:16:53.040916+0000 INFO Route '/' called by 172.18.0.7
2025-07-30T05:17:53.049507+0000 INFO Route '/' called by 172.18.0.7
2025-07-30T05:18:53.063423+0000 INFO Route '/' called by 172.18.0.7
2025-07-30T05:19:53.080794+0000 INFO Route '/' called by 172.18.0.7
2025-07-30T05:20:53.086252+0000 INFO Route '/' called by 172.18.0.7
2025-07-30T05:21:53.098504+0000 INFO Route '/' called by 172.18.0.7
2025-07-30T05:22:53.101147+0000 INFO Route '/' called by 172.18.0.7
2025-07-30T05:23:53.111390+0000 INFO Route '/' called by 172.18.0.7
2025-07-30T05:24:53.127103+0000 INFO Route '/' called by 172.18.0.7
2025-07-30T05:25:53.136853+0000 INFO Route '/' called by 172.18.0.7
2025-07-30T05:26:53.155159+0000 INFO Route '/' called by 172.18.0.7
2025-07-30T05:27:53.182466+0000 INFO Route '/' called by 172.18.0.7
2025-07-30T05:28:53.192773+0000 INFO Route '/' called by 172.18.0.7
2025-07-30T05:29:53.198411+0000 INFO Route '/' called by 172.18.0.7
2025-07-30T05:30:53.211487+0000 INFO Route '/' called by 172.18.0.7
2025-07-30T05:31:53.236215+0000 INFO Route '/' called by 172.18.0.7
2025-07-30T05:32:53.255761+0000 INFO Route '/' called by 172.18.0.7
2025-07-30T05:33:53.263275+0000 INFO Route '/' called by 172.18.0.7
2025-07-30T05:34:53.268178+0000 INFO Route '/' called by 172.18.0.7
2025-07-30T05:35:53.270691+0000 INFO Route '/' called by 172.18.0.7
2025-07-30T05:36:53.279921+0000 INFO Route '/' called by 172.18.0.7
2025-07-30T05:37:53.282763+0000 INFO Route '/' called by 172.18.0.7
2025-07-30T05:38:53.286854+0000 INFO Route '/' called by 172.18.0.7
2025-07-30T05:39:53.293464+0000 INFO Route '/' called by 172.18.0.7
2025-07-30T05:40:53.296019+0000 INFO Route '/' called by 172.18.0.7
2025-07-30T05:41:53.307582+0000 INFO Route '/' called by 172.18.0.7
2025-07-30T05:42:53.311137+0000 INFO Route '/' called by 172.18.0.7
2025-07-30T05:43:53.312535+0000 INFO Route '/' called by 172.18.0.7
2025-07-30T05:44:53.318111+0000 INFO Route '/' called by 172.18.0.7
2025-07-30T05:45:53.320547+0000 INFO Route '/' called by 172.18.0.7
2025-07-30T05:46:53.329109+0000 INFO Route '/' called by 172.18.0.7
2025-07-30T05:47:53.333248+0000 INFO Route '/' called by 172.18.0.7
2025-07-30T05:48:53.345437+0000 INFO Route '/' called by 172.18.0.7
2025-07-30T05:49:53.355610+0000 INFO Route '/' called by 172.18.0.7
2025-07-30T05:50:53.368070+0000 INFO Route '/' called by 172.18.0.7
2025-07-30T05:51:53.388270+0000 INFO Route '/' called by 172.18.0.7
2025-07-30T05:52:53.391209+0000 INFO Route '/' called by 172.18.0.7
2025-07-30T05:53:53.396322+0000 INFO Route '/' called by 172.18.0.7
2025-07-30T05:54:53.414042+0000 INFO Route '/' called by 172.18.0.7
2025-07-30T05:55:53.426392+0000 INFO Route '/' called by 172.18.0.7
2025-07-30T05:56:53.448717+0000 INFO Route '/' called by 172.18.0.7
2025-07-30T05:57:53.469072+0000 INFO Route '/' called by 172.18.0.7
2025-07-30T05:58:53.496775+0000 INFO Route '/' called by 172.18.0.7
2025-07-30T05:59:53.512982+0000 INFO Route '/' called by 172.18.0.7
2025-07-30T06:00:53.519277+0000 INFO Route '/' called by 172.18.0.7
2025-07-30T06:01:53.542298+0000 INFO Route '/' called by 172.18.0.7
2025-07-30T06:02:53.555282+0000 INFO Route '/' called by 172.18.0.7
2025-07-30T06:03:53.564853+0000 INFO Route '/' called by 172.18.0.7
2025-07-30T06:04:53.568640+0000 INFO Route '/' called by 172.18.0.7
2025-07-30T06:05:53.580586+0000 INFO Route '/' called by 172.18.0.7
2025-07-30T06:06:53.598349+0000 INFO Route '/' called by 172.18.0.7
2025-07-30T06:07:53.619307+0000 INFO Route '/' called by 172.18.0.7
2025-07-30T06:08:53.624892+0000 INFO Route '/' called by 172.18.0.7
2025-07-30T06:09:53.627857+0000 INFO Route '/' called by 172.18.0.7
2025-07-30T06:10:53.638310+0000 INFO Route '/' called by 172.18.0.7
2025-07-30T06:11:53.653097+0000 INFO Route '/' called by 172.18.0.7
2025-07-30T06:12:53.657746+0000 INFO Route '/' called by 172.18.0.7
2025-07-30T06:13:53.666874+0000 INFO Route '/' called by 172.18.0.7
2025-07-30T06:14:53.682705+0000 INFO Route '/' called by 172.18.0.7
2025-07-30T06:15:53.699407+0000 INFO Route '/' called by 172.18.0.7
2025-07-30T06:16:53.719336+0000 INFO Route '/' called by 172.18.0.7
2025-07-30T06:17:53.724631+0000 INFO Route '/' called by 172.18.0.7
2025-07-30T06:18:53.729138+0000 INFO Route '/' called by 172.18.0.7
2025-07-30T06:19:53.732327+0000 INFO Route '/' called by 172.18.0.7
2025-07-30T06:20:53.738243+0000 INFO Route '/' called by 172.18.0.7
2025-07-30T06:21:53.752177+0000 INFO Route '/' called by 172.18.0.7
2025-07-30T06:22:53.762107+0000 INFO Route '/' called by 172.18.0.7
2025-07-30T06:23:53.776942+0000 INFO Route '/' called by 172.18.0.7
2025-07-30T06:24:53.798495+0000 INFO Route '/' called by 172.18.0.7
2025-07-30T06:25:53.817689+0000 INFO Route '/' called by 172.18.0.7
2025-07-30T06:26:53.838454+0000 INFO Route '/' called by 172.18.0.7
2025-07-30T06:27:53.863438+0000 INFO Route '/' called by 172.18.0.7
2025-07-30T06:28:53.874887+0000 INFO Route '/' called by 172.18.0.7
2025-07-30T06:29:53.879577+0000 INFO Route '/' called by 172.18.0.7
2025-07-30T06:30:53.894103+0000 INFO Route '/' called by 172.18.0.7
2025-07-30T06:31:53.932908+0000 INFO Route '/' called by 172.18.0.7
2025-07-30T06:32:53.943780+0000 INFO Route '/' called by 172.18.0.7
2025-07-30T06:33:53.958434+0000 INFO Route '/' called by 172.18.0.7
2025-07-30T06:34:53.975812+0000 INFO Route '/' called by 172.18.0.7
2025-07-30T06:35:54.000238+0000 INFO Route '/' called by 172.18.0.7
2025-07-30T06:36:54.025253+0000 INFO Route '/' called by 172.18.0.7
2025-07-30T06:37:54.031936+0000 INFO Route '/' called by 172.18.0.7
2025-07-30T06:38:54.050731+0000 INFO Route '/' called by 172.18.0.7
2025-07-30T06:39:54.058117+0000 INFO Route '/' called by 172.18.0.7
2025-07-30T06:40:54.078134+0000 INFO Route '/' called by 172.18.0.7
2025-07-30T06:41:54.088744+0000 INFO Route '/' called by 172.18.0.7
2025-07-30T06:42:54.091350+0000 INFO Route '/' called by 172.18.0.7
2025-07-30T06:43:54.098448+0000 INFO Route '/' called by 172.18.0.7
2025-07-30T06:44:54.103394+0000 INFO Route '/' called by 172.18.0.7
2025-07-30T06:45:54.105242+0000 INFO Route '/' called by 172.18.0.7
2025-07-30T06:46:54.120089+0000 INFO Route '/' called by 172.18.0.7
2025-07-30T06:47:54.137257+0000 INFO Route '/' called by 172.18.0.7
2025-07-30T06:48:54.144640+0000 INFO Route '/' called by 172.18.0.7
2025-07-30T06:49:54.151050+0000 INFO Route '/' called by 172.18.0.7
2025-07-30T06:50:54.156674+0000 INFO Route '/' called by 172.18.0.7
2025-07-30T06:51:54.172817+0000 INFO Route '/' called by 172.18.0.7
2025-07-30T06:52:54.187160+0000 INFO Route '/' called by 172.18.0.7
2025-07-30T06:53:54.197986+0000 INFO Route '/' called by 172.18.0.7
2025-07-30T06:54:54.201506+0000 INFO Route '/' called by 172.18.0.7
2025-07-30T06:55:54.208418+0000 INFO Route '/' called by 172.18.0.7
2025-07-30T06:56:54.219314+0000 INFO Route '/' called by 172.18.0.7
2025-07-30T06:57:54.250766+0000 INFO Route '/' called by 172.18.0.7
2025-07-30T06:58:54.257286+0000 INFO Route '/' called by 172.18.0.7
2025-07-30T06:59:54.263673+0000 INFO Route '/' called by 172.18.0.7
2025-07-30T07:00:54.270700+0000 INFO Route '/' called by 172.18.0.7
2025-07-30T07:01:54.284698+0000 INFO Route '/' called by 172.18.0.7
2025-07-30T07:02:54.292153+0000 INFO Route '/' called by 172.18.0.7
2025-07-30T07:03:54.298970+0000 INFO Route '/' called by 172.18.0.7
2025-07-30T07:04:54.306332+0000 INFO Route '/' called by 172.18.0.7
2025-07-30T07:05:54.313356+0000 INFO Route '/' called by 172.18.0.7
2025-07-30T07:06:54.323835+0000 INFO Route '/' called by 172.18.0.7
2025-07-30T07:07:54.332336+0000 INFO Route '/' called by 172.18.0.7
2025-07-30T07:08:54.338834+0000 INFO Route '/' called by 172.18.0.7
2025-07-30T07:09:54.347395+0000 INFO Route '/' called by 172.18.0.7
2025-07-30T07:10:54.357743+0000 INFO Route '/' called by 172.18.0.7
2025-07-30T07:11:54.366871+0000 INFO Route '/' called by 172.18.0.7
2025-07-30T07:12:54.374152+0000 INFO Route '/' called by 172.18.0.7
2025-07-30T07:13:54.382392+0000 INFO Route '/' called by 172.18.0.7
2025-07-30T07:14:54.388579+0000 INFO Route '/' called by 172.18.0.7
2025-07-30T07:15:54.396338+0000 INFO Route '/' called by 172.18.0.7
2025-07-30T07:16:54.406078+0000 INFO Route '/' called by 172.18.0.7
2025-07-30T07:17:54.413192+0000 INFO Route '/' called by 172.18.0.7
2025-07-30T07:18:54.416512+0000 INFO Route '/' called by 172.18.0.7
2025-07-30T07:19:54.421551+0000 INFO Route '/' called by 172.18.0.7
2025-07-30T07:20:54.428756+0000 INFO Route '/' called by 172.18.0.7
2025-07-30T07:21:54.452693+0000 INFO Route '/' called by 172.18.0.7
2025-07-30T07:22:54.465160+0000 INFO Route '/' called by 172.18.0.7
2025-07-30T07:23:54.474076+0000 INFO Route '/' called by 172.18.0.7
2025-07-30T07:24:54.480918+0000 INFO Route '/' called by 172.18.0.7
2025-07-30T07:25:54.489317+0000 INFO Route '/' called by 172.18.0.7
2025-07-30T07:26:54.500018+0000 INFO Route '/' called by 172.18.0.7
2025-07-30T07:27:54.505628+0000 INFO Route '/' called by 172.18.0.7
2025-07-30T07:28:54.523005+0000 INFO Route '/' called by 172.18.0.7
2025-07-30T07:29:54.547496+0000 INFO Route '/' called by 172.18.0.7
2025-07-30T07:30:54.555307+0000 INFO Route '/' called by 172.18.0.7
2025-07-30T07:31:54.565465+0000 INFO Route '/' called by 172.18.0.7
2025-07-30T07:32:54.574422+0000 INFO Route '/' called by 172.18.0.7
2025-07-30T07:33:54.586682+0000 INFO Route '/' called by 172.18.0.7
2025-07-30T07:34:54.594472+0000 INFO Route '/' called by 172.18.0.7
2025-07-30T07:35:54.611957+0000 INFO Route '/' called by 172.18.0.7
2025-07-30T07:36:54.629442+0000 INFO Route '/' called by 172.18.0.7
2025-07-30T07:37:54.636091+0000 INFO Route '/' called by 172.18.0.7
